1789907434600,api,22
1789907434600,sealer,1
1789907434600,bench,30
1789907434600,db,564
1789907434600,machine,616
1789907435850,api,24
1789907435850,sealer,1
1789907435850,bench,38
1789907435850,db,529
1789907435850,machine,574
1789907437065,api,33
1789907437065,sealer,1
1789907437065,bench,42
1789907437065,db,534
1789907437065,machine,627
1789907438326,api,30
1789907438326,sealer,2
1789907438326,bench,46
1789907438326,db,474
1789907438326,machine,583
1789907439559,api,40
1789907439559,sealer,1
1789907439559,bench,47
1789907439559,db,512
1789907439559,machine,598
1789907440752,api,51
1789907440752,sealer,3
1789907440752,bench,61
1789907440752,db,575
1789907440752,machine,703
1789907442089,api,40
1789907442089,sealer,2
1789907442089,bench,55
1789907442089,db,494
1789907442089,machine,530
1789907443407,api,43
1789907443407,sealer,2
1789907443407,bench,62
1789907443407,db,430
1789907443407,machine,558
1789907444622,api,55
1789907444622,sealer,4
1789907444622,bench,61
1789907444622,db,483
1789907444622,machine,648
1789907445853,api,56
1789907445853,sealer,4
1789907445853,bench,71
1789907445853,db,487
1789907445853,machine,623
1789907447164,api,52
1789907447164,sealer,3
1789907447164,bench,65
1789907447164,db,419
1789907447164,machine,544
1789907448359,api,58
1789907448359,sealer,5
1789907448359,bench,95
1789907448359,db,371
1789907448359,machine,483
1789907449645,api,71
1789907449645,sealer,4
1789907449645,bench,74
1789907449645,db,349
1789907449645,machine,563
1789907450969,api,43
1789907450969,sealer,3
1789907450969,bench,144
1789907450969,db,318
1789907450969,machine,382
1789907452527,api,56
1789907452527,sealer,4
1789907452527,bench,68
1789907452527,db,288
1789907452527,machine,409
1789907453755,api,57
1789907453755,sealer,6
1789907453755,bench,0
1789907453755,db,394
1789907453755,machine,539
1789907455084,api,44
1789907455084,sealer,5
1789907455084,bench,99
1789907455084,db,303
1789907455084,machine,433
1789907456351,api,52
1789907456351,sealer,5
1789907456351,bench,78
1789907456351,db,310
1789907456351,machine,464
1789907457532,api,82
1789907457532,sealer,7
1789907457532,bench,99
1789907457532,db,468
1789907457532,machine,658
1789907459036,api,35
1789907459036,sealer,3
1789907459036,bench,87
1789907459036,db,234
1789907459036,machine,285
1789907460485,api,58
1789907460485,sealer,4
1789907460485,bench,89
1789907460485,db,287
1789907460485,machine,425
1789907461755,api,63
1789907461755,sealer,6
1789907461755,bench,89
1789907461755,db,341
1789907461755,machine,548
1789907463041,api,62
1789907463041,sealer,5
1789907463041,bench,84
1789907463041,db,374
1789907463041,machine,534
1789907464320,api,71
1789907464320,sealer,7
1789907464320,bench,84
1789907464320,db,357
1789907464320,machine,528
1789907465539,api,78
1789907465539,sealer,6
1789907465539,bench,92
1789907465539,db,401
1789907465539,machine,580
1789907466841,api,49
1789907466841,sealer,2
1789907466841,bench,72
1789907466841,db,358
1789907466841,machine,454
1789907468088,api,38
1789907468088,sealer,7
1789907468088,bench,86
1789907468088,db,299
1789907468088,machine,351
1789907469554,api,60
1789907469554,sealer,5
1789907469554,bench,75
1789907469554,db,308
1789907469554,machine,460
1789907470759,api,76
1789907470759,sealer,4
1789907470759,bench,85
1789907470759,db,379
1789907470759,machine,557
1789907471990,api,78
1789907471990,sealer,8
1789907471990,bench,79
1789907471990,db,389
1789907471990,machine,572
1789907473207,api,80
1789907473207,sealer,7
1789907473207,bench,84
1789907473207,db,385
1789907473207,machine,571
1789907474441,api,67
1789907474441,sealer,6
1789907474441,bench,82
1789907474441,db,388
1789907474441,machine,613
1789907475686,api,71
1789907475686,sealer,4
1789907475686,bench,89
1789907475686,db,406
1789907475686,machine,569
1789907477022,api,70
1789907477022,sealer,6
1789907477022,bench,87
1789907477022,db,330
1789907477022,machine,488
1789907478215,api,77
1789907478215,sealer,7
1789907478215,bench,114
1789907478215,db,413
1789907478215,machine,621
1789907479695,api,54
1789907479695,sealer,5
1789907479695,bench,68
1789907479695,db,259
1789907479695,machine,381
1789907481027,api,60
1789907481027,sealer,6
1789907481027,bench,89
1789907481027,db,337
1789907481027,machine,518
1789907482363,api,61
1789907482363,sealer,8
1789907482363,bench,87
1789907482363,db,304
1789907482363,machine,437
1789907483589,api,75
1789907483589,sealer,8
1789907483589,bench,90
1789907483589,db,387
1789907483589,machine,570
1789907484825,api,78
1789907484825,sealer,7
1789907484825,bench,87
1789907484825,db,368
1789907484825,machine,547
1789907486028,api,76
1789907486028,sealer,6
1789907486028,bench,78
1789907486028,db,379
1789907486028,machine,604
1789907487214,api,78
1789907487214,sealer,9
1789907487214,bench,83
1789907487214,db,388
1789907487214,machine,571
1789907488426,api,80
1789907488426,sealer,9
1789907488426,bench,89
1789907488426,db,395
1789907488426,machine,580
1789907489695,api,72
1789907489695,sealer,7
1789907489695,bench,92
1789907489695,db,353
1789907489695,machine,527
1789907490934,api,66
1789907490934,sealer,8
1789907490934,bench,77
1789907490934,db,460
1789907490934,machine,592
1789907492299,api,58
1789907492299,sealer,2
1789907492299,bench,62
1789907492299,db,367
1789907492299,machine,547
1789907493500,api,68
1789907493500,sealer,9
1789907493500,bench,75
1789907493500,db,457
1789907493500,machine,628
1789907494720,api,63
1789907494720,sealer,3
1789907494720,bench,85
1789907494720,db,397
1789907494720,machine,550
1789907495957,api,67
1789907495957,sealer,8
1789907495957,bench,90
1789907495957,db,372
1789907495957,machine,527
1789907497166,api,71
1789907497166,sealer,9
1789907497166,bench,98
1789907497166,db,379
1789907497166,machine,556
1789907498376,api,77
1789907498376,sealer,9
1789907498376,bench,82
1789907498376,db,372
1789907498376,machine,617
1789907499602,api,70
1789907499602,sealer,3
1789907499602,bench,94
1789907499602,db,378
1789907499602,machine,550
1789907500809,api,80
1789907500809,sealer,9
1789907500809,bench,84
1789907500809,db,376
1789907500809,machine,566
1789907502004,api,79
1789907502004,sealer,10
1789907502004,bench,81
1789907502004,db,422
1789907502004,machine,616
1789907503223,api,73
1789907503223,sealer,6
1789907503223,bench,94
1789907503223,db,378
1789907503223,machine,561
1789907504457,api,59
1789907504457,sealer,4
1789907504457,bench,94
1789907504457,db,362
1789907504457,machine,555
1789907505739,api,81
1789907505739,sealer,10
1789907505739,bench,82
1789907505739,db,383
1789907505739,machine,578
1789907506979,api,82
1789907506979,sealer,10
1789907506979,bench,83
1789907506979,db,395
1789907506979,machine,589
1789907508193,api,77
1789907508193,sealer,8
1789907508193,bench,84
1789907508193,db,427
1789907508193,machine,621
1789907509431,api,83
1789907509431,sealer,3
1789907509431,bench,81
1789907509431,db,398
1789907509431,machine,592
1789907510666,api,59
1789907510666,sealer,15
1789907510666,bench,85
1789907510666,db,347
1789907510666,machine,572
1789907511888,api,74
1789907511888,sealer,10
1789907511888,bench,89
1789907511888,db,406
1789907511888,machine,597
1789907513132,api,63
1789907513132,sealer,3
1789907513132,bench,98
1789907513132,db,464
1789907513132,machine,622
1789907514550,api,57
1789907514550,sealer,0
1789907514550,bench,102
1789907514550,db,363
1789907514550,machine,508
1789907515972,api,57
1789907515972,sealer,3
1789907515972,bench,75
1789907515972,db,311
1789907515972,machine,452
1789907517180,api,54
1789907517180,sealer,0
1789907517180,bench,89
1789907517180,db,454
1789907517180,machine,649
1789907518559,api,49
1789907518559,sealer,13
1789907518559,bench,94
1789907518559,db,373
1789907518559,machine,501
1789907520013,api,44
1789907520013,sealer,0
1789907520013,bench,81
1789907520013,db,323
1789907520013,machine,447
1789907521282,api,68
1789907521282,sealer,13
1789907521282,bench,88
1789907521282,db,389
1789907521282,machine,574
1789907522581,api,70
1789907522581,sealer,6
1789907522581,bench,78
1789907522581,db,355
1789907522581,machine,558
1789907523836,api,71
1789907523836,sealer,4
1789907523836,bench,88
1789907523836,db,360
1789907523836,machine,559
1789907525138,api,59
1789907525138,sealer,9
1789907525138,bench,205
1789907525138,db,474
1789907525138,machine,559
1789907527721,api,34
1789907527721,sealer,3
1789907527721,bench,48
1789907527721,db,173
1789907527721,machine,238
1789907528974,api,66
1789907528974,sealer,11
1789907528974,bench,88
1789907528974,db,355
1789907528974,machine,565
1789907530387,api,50
1789907530387,sealer,3
1789907530387,bench,93
1789907530387,db,294
1789907530387,machine,417
1789907531624,api,68
1789907531624,sealer,0
1789907531624,bench,99
1789907531624,db,379
1789907531624,machine,548
1789907532847,api,71
1789907532847,sealer,10
1789907532847,bench,88
1789907532847,db,399
1789907532847,machine,580
1789907534069,api,67
1789907534069,sealer,5
1789907534069,bench,120
1789907534069,db,415
1789907534069,machine,581
1789907535496,api,61
1789907535496,sealer,0
1789907535496,bench,77
1789907535496,db,318
1789907535496,machine,443
1789907536803,api,74
1789907536803,sealer,4
1789907536803,bench,100
1789907536803,db,400
1789907536803,machine,619
1789907538239,api,67
1789907538239,sealer,9
1789907538239,bench,73
1789907538239,db,354
1789907538239,machine,511
1789907539477,api,59
1789907539477,sealer,5
1789907539477,bench,79
1789907539477,db,504
1789907539477,machine,669
1789907540844,api,67
1789907540844,sealer,0
1789907540844,bench,95
1789907540844,db,397
1789907540844,machine,569
1789907542307,api,62
1789907542307,sealer,17
1789907542307,bench,116
1789907542307,db,383
1789907542307,machine,551
1789907544425,api,11
1789907544425,sealer,0
1789907544425,bench,0
1789907544425,db,93
1789907544425,machine,189
1789907545793,api,0
1789907545793,sealer,5
1789907545793,bench,0
1789907545793,db,105
1789907545793,machine,270
1789907546923,api,46
1789907546923,sealer,12
1789907546923,bench,38
1789907546923,db,259
1789907546923,machine,423
1789907548123,api,51
1789907548123,sealer,8
1789907548123,bench,52
1789907548123,db,292
1789907548123,machine,581
1789907549559,api,46
1789907549559,sealer,13
1789907549559,bench,106
1789907549559,db,272
1789907549559,machine,438
1789907551295,api,46
1789907551295,sealer,5
1789907551295,bench,42
1789907551295,db,256
1789907551295,machine,349
1789907552470,api,57
1789907552470,sealer,0
1789907552470,bench,40
1789907552470,db,286
1789907552470,machine,393
1789907553672,api,52
1789907553672,sealer,12
1789907553672,bench,54
1789907553672,db,303
1789907553672,machine,430
1789907554962,api,55
1789907554962,sealer,5
1789907554962,bench,155
1789907554962,db,474
1789907554962,machine,666
1789907557527,api,35
1789907557527,sealer,0
1789907557527,bench,41
1789907557527,db,205
1789907557527,machine,282
1789907558853,api,54
1789907558853,sealer,6
1789907558853,bench,33
1789907558853,db,251
1789907558853,machine,343
1789907560031,api,50
1789907560031,sealer,0
1789907560031,bench,109
1789907560031,db,322
1789907560031,machine,477
1789907561528,api,48
1789907561528,sealer,12
1789907561528,bench,32
1789907561528,db,207
1789907561528,machine,306
1789907562687,api,56
1789907562687,sealer,6
1789907562687,bench,37
1789907562687,db,271
1789907562687,machine,380
1789907563868,api,55
1789907563868,sealer,0
1789907563868,bench,44
1789907563868,db,369
1789907563868,machine,474
1789907565026,api,54
1789907565026,sealer,18
1789907565026,bench,37
1789907565026,db,249
1789907565026,machine,369
1789907566189,api,54
1789907566189,sealer,0
1789907566189,bench,47
1789907566189,db,307
1789907566189,machine,474
1789907567462,api,57
1789907567462,sealer,15
1789907567462,bench,47
1789907567462,db,276
1789907567462,machine,392
1789907568722,api,55
1789907568722,sealer,7
1789907568722,bench,35
1789907568722,db,276
1789907568722,machine,377
1789907569889,api,56
1789907569889,sealer,0
1789907569889,bench,38
1789907569889,db,335
1789907569889,machine,441
1789907571050,api,58
1789907571050,sealer,16
1789907571050,bench,43
1789907571050,db,274
1789907571050,machine,387
1789907572221,api,60
1789907572221,sealer,5
1789907572221,bench,43
1789907572221,db,298
1789907572221,machine,479
1789907573436,api,57
1789907573436,sealer,0
1789907573436,bench,42
1789907573436,db,281
1789907573436,machine,387
1789907574643,api,55
1789907574643,sealer,14
1789907574643,bench,44
1789907574643,db,284
1789907574643,machine,404
1789907575830,api,58
1789907575830,sealer,7
1789907575830,bench,42
1789907575830,db,348
1789907575830,machine,465
1789907577033,api,56
1789907577033,sealer,0
1789907577033,bench,35
1789907577033,db,274
1789907577033,machine,364
1789907578185,api,57
1789907578185,sealer,15
1789907578185,bench,39
1789907578185,db,267
1789907578185,machine,446
1789907579371,api,53
1789907579371,sealer,5
1789907579371,bench,37
1789907579371,db,263
1789907579371,machine,352
1789907580518,api,56
1789907580518,sealer,6
1789907580518,bench,42
1789907580518,db,300
1789907580518,machine,413
1789907581764,api,52
1789907581764,sealer,0
1789907581764,bench,56
1789907581764,db,390
1789907581764,machine,498
1789907582997,api,51
1789907582997,sealer,0
1789907582997,bench,145
1789907582997,db,442
1789907582997,machine,547
1789907585528,api,33
1789907585528,sealer,14
1789907585528,bench,68
1789907585528,db,146
1789907585528,machine,208
1789907587027,api,60
1789907587027,sealer,4
1789907587027,bench,79
1789907587027,db,335
1789907587027,machine,458
1789907588378,api,59
1789907588378,sealer,0
1789907588378,bench,48
1789907588378,db,344
1789907588378,machine,452
1789907589612,api,58
1789907589612,sealer,0
1789907589612,bench,110
1789907589612,db,363
1789907589612,machine,515
1789907591362,api,44
1789907591362,sealer,12
1789907591362,bench,72
1789907591362,db,262
1789907591362,machine,399
1789907592926,api,40
1789907592926,sealer,4
1789907592926,bench,75
1789907592926,db,356
1789907592926,machine,386
1789907594943,api,29
1789907594943,sealer,0
1789907594943,bench,107
1789907594943,db,314
1789907594943,machine,309
1789907597458,api,24
1789907597458,sealer,0
1789907597458,bench,126
1789907597458,db,356
1789907597458,machine,412
1789907601132,api,21
1789907601132,sealer,10
1789907601132,bench,32
1789907601132,db,125
1789907601132,machine,170
1789907602403,api,47
1789907602403,sealer,0
1789907602403,bench,77
1789907602403,db,471
1789907602403,machine,593
1789907603647,api,53
1789907603647,sealer,5
1789907603647,bench,73
1789907603647,db,468
1789907603647,machine,614
1789907604885,api,57
1789907604885,sealer,0
1789907604885,bench,84
1789907604885,db,465
1789907604885,machine,618
1789907606219,api,52
1789907606219,sealer,0
1789907606219,bench,92
1789907606219,db,436
1789907606219,machine,562
1789907607928,api,29
1789907607928,sealer,4
1789907607928,bench,55
1789907607928,db,248
1789907607928,machine,337
1789907609424,api,56
1789907609424,sealer,0
1789907609424,bench,79
1789907609424,db,368
1789907609424,machine,486
1789907610805,api,54
1789907610805,sealer,0
1789907610805,bench,35
1789907610805,db,289
1789907610805,machine,378
1789907611955,api,56
1789907611955,sealer,18
1789907611955,bench,39
1789907611955,db,287
1789907611955,machine,404
1789907613112,api,53
1789907613112,sealer,6
1789907613112,bench,52
1789907613112,db,294
1789907613112,machine,450
1789907614392,api,54
1789907614392,sealer,0
1789907614392,bench,36
1789907614392,db,260
1789907614392,machine,375
1789907615555,api,58
1789907615555,sealer,18
1789907615555,bench,40
1789907615555,db,310
1789907615555,machine,445
1789907616782,api,55
1789907616782,sealer,6
1789907616782,bench,39
1789907616782,db,332
1789907616782,machine,432
1789907617929,api,55
1789907617929,sealer,0
1789907617929,bench,50
1789907617929,db,333
1789907617929,machine,440
1789907619267,api,56
1789907619267,sealer,20
1789907619267,bench,56
1789907619267,db,273
1789907619267,machine,452
1789907620590,api,52
1789907620590,sealer,1
1789907620590,bench,40
1789907620590,db,266
1789907620590,machine,370
1789907621757,api,43
1789907621757,sealer,10
1789907621757,bench,74
1789907621757,db,287
1789907621757,machine,422
1789907622935,api,55
1789907622935,sealer,0
1789907622935,bench,37
1789907622935,db,316
1789907622935,machine,415
1789907624086,api,58
1789907624086,sealer,22
1789907624086,bench,47
1789907624086,db,266
1789907624086,machine,394
1789907625259,api,58
1789907625259,sealer,10
1789907625259,bench,41
1789907625259,db,294
1789907625259,machine,473
1789907626452,api,56
1789907626452,sealer,0
1789907626452,bench,36
1789907626452,db,268
1789907626452,machine,365
1789907627613,api,58
1789907627613,sealer,7
1789907627613,bench,40
1789907627613,db,302
1789907627613,machine,422
1789907628840,api,57
1789907628840,sealer,0
1789907628840,bench,100
1789907628840,db,480
1789907628840,machine,623
1789907630465,api,52
1789907630465,sealer,4
1789907630465,bench,33
1789907630465,db,219
1789907630465,machine,328
1789907631663,api,58
1789907631663,sealer,18
1789907631663,bench,43
1789907631663,db,277
1789907631663,machine,421
1789907632843,api,51
1789907632843,sealer,10
1789907632843,bench,94
1789907632843,db,367
1789907632843,machine,493
1789907634415,api,46
1789907634415,sealer,0
1789907634415,bench,53
1789907634415,db,296
1789907634415,machine,391
1789907635627,api,55
1789907635627,sealer,0
1789907635627,bench,36
1789907635627,db,305
1789907635627,machine,402
1789907636789,api,61
1789907636789,sealer,21
1789907636789,bench,57
1789907636789,db,323
1789907636789,machine,540
1789907638137,api,51
1789907638137,sealer,8
1789907638137,bench,33
1789907638137,db,247
1789907638137,machine,341
1789907639299,api,58
1789907639299,sealer,0
1789907639299,bench,42
1789907639299,db,288
1789907639299,machine,397
1789907640461,api,58
1789907640461,sealer,20
1789907640461,bench,43
1789907640461,db,309
1789907640461,machine,444
1789907641680,api,56
1789907641680,sealer,4
1789907641680,bench,41
1789907641680,db,345
1789907641680,machine,446
1789907642981,api,50
1789907642981,sealer,13
1789907642981,bench,116
1789907642981,db,367
1789907642981,machine,542
1789907644710,api,48
1789907644710,sealer,0
1789907644710,bench,33
1789907644710,db,214
1789907644710,machine,293
1789907645886,api,53
1789907645886,sealer,23
1789907645886,bench,77
1789907645886,db,291
1789907645886,machine,417
1789907647234,api,52
1789907647234,sealer,4
1789907647234,bench,52
1789907647234,db,328
1789907647234,machine,433
1789907648444,api,54
1789907648444,sealer,4
1789907648444,bench,46
1789907648444,db,290
1789907648444,machine,412
1789907649654,api,57
1789907649654,sealer,0
1789907649654,bench,45
1789907649654,db,283
1789907649654,machine,427
1789907650822,api,58
1789907650822,sealer,9
1789907650822,bench,36
1789907650822,db,271
1789907650822,machine,384
1789907651972,api,55
1789907651972,sealer,0
1789907651972,bench,37
1789907651972,db,278
1789907651972,machine,378
1789907653142,api,60
1789907653142,sealer,24
1789907653142,bench,41
1789907653142,db,332
1789907653142,machine,466
1789907654337,api,58
1789907654337,sealer,0
1789907654337,bench,41
1789907654337,db,379
1789907654337,machine,521
1789907655541,api,58
1789907655541,sealer,8
1789907655541,bench,38
1789907655541,db,292
1789907655541,machine,445
1789907656705,api,56
1789907656705,sealer,0
1789907656705,bench,36
1789907656705,db,267
1789907656705,machine,363
1789907657861,api,57
1789907657861,sealer,23
1789907657861,bench,38
1789907657861,db,247
1789907657861,machine,378
1789907659027,api,57
1789907659027,sealer,2
1789907659027,bench,41
1789907659027,db,327
1789907659027,machine,439
1789907660212,api,57
1789907660212,sealer,8
1789907660212,bench,51
1789907660212,db,367
1789907660212,machine,523
1789907661406,api,58
1789907661406,sealer,0
1789907661406,bench,41
1789907661406,db,313
1789907661406,machine,452
1789907662608,api,58
1789907662608,sealer,0
1789907662608,bench,36
1789907662608,db,267
1789907662608,machine,365
1789907663773,api,60
1789907663773,sealer,28
1789907663773,bench,39
1789907663773,db,259
1789907663773,machine,402
1789907664942,api,60
1789907664942,sealer,0
1789907664942,bench,39
1789907664942,db,281
1789907664942,machine,388
1789907666106,api,60
1789907666106,sealer,9
1789907666106,bench,46
1789907666106,db,385
1789907666106,machine,570
1789907667340,api,59
1789907667340,sealer,0
1789907667340,bench,41
1789907667340,db,342
1789907667340,machine,482
1789907668522,api,60
1789907668522,sealer,0
1789907668522,bench,42
1789907668522,db,286
1789907668522,machine,401
1789907669707,api,51
1789907669707,sealer,26
1789907669707,bench,63
1789907669707,db,287
1789907669707,machine,416
1789907670944,api,54
1789907670944,sealer,0
1789907670944,bench,34
1789907670944,db,256
1789907670944,machine,350
1789907672106,api,59
1789907672106,sealer,10
1789907672106,bench,44
1789907672106,db,314
1789907672106,machine,474
1789907673424,api,50
1789907673424,sealer,0
1789907673424,bench,40
1789907673424,db,333
1789907673424,machine,433
1789907674593,api,53
1789907674593,sealer,7
1789907674593,bench,35
1789907674593,db,246
1789907674593,machine,347
1789907675737,api,53
1789907675737,sealer,0
1789907675737,bench,35
1789907675737,db,266
1789907675737,machine,361
1789907676885,api,54
1789907676885,sealer,0
1789907676885,bench,33
1789907676885,db,259
1789907676885,machine,358
1789907678033,api,55
1789907678033,sealer,22
1789907678033,bench,38
1789907678033,db,257
1789907678033,machine,437
1789907679209,api,59
1789907679209,sealer,9
1789907679209,bench,39
1789907679209,db,352
1789907679209,machine,474
1789907680398,api,57
1789907680398,sealer,0
1789907680398,bench,37
1789907680398,db,325
1789907680398,machine,425
1789907681552,api,54
1789907681552,sealer,0
1789907681552,bench,35
1789907681552,db,262
1789907681552,machine,360
1789907682703,api,53
1789907682703,sealer,22
1789907682703,bench,35
1789907682703,db,270
1789907682703,machine,395
1789907683855,api,58
1789907683855,sealer,4
1789907683855,bench,39
1789907683855,db,278
1789907683855,machine,453
1789907685019,api,54
1789907685019,sealer,6
1789907685019,bench,35
1789907685019,db,264
1789907685019,machine,365
1789907686179,api,58
1789907686179,sealer,0
1789907686179,bench,43
1789907686179,db,400
1789907686179,machine,523
1789907687384,api,58
1789907687384,sealer,16
1789907687384,bench,38
1789907687384,db,277
1789907687384,machine,410
1789907688551,api,57
1789907688551,sealer,9
1789907688551,bench,37
1789907688551,db,270
1789907688551,machine,379
1789907689716,api,63
1789907689716,sealer,20
1789907689716,bench,78
1789907689716,db,382
1789907689716,machine,632
1789907691181,api,53
1789907691181,sealer,0
1789907691181,bench,32
1789907691181,db,231
1789907691181,machine,320
1789907692387,api,60
1789907692387,sealer,0
1789907692387,bench,53
1789907692387,db,405
1789907692387,machine,541
1789907693764,api,55
1789907693764,sealer,0
1789907693764,bench,45
1789907693764,db,339
1789907693764,machine,440
1789907694946,api,55
1789907694946,sealer,25
1789907694946,bench,36
1789907694946,db,241
1789907694946,machine,368
1789907696110,api,60
1789907696110,sealer,3
1789907696110,bench,48
1789907696110,db,300
1789907696110,machine,505
1789907697324,api,57
1789907697324,sealer,4
1789907697324,bench,70
1789907697324,db,355
1789907697324,machine,479
1789907698804,api,39
1789907698804,sealer,0
1789907698804,bench,63
1789907698804,db,312
1789907698804,machine,386
1789907700114,api,41
1789907700114,sealer,0
1789907700114,bench,48
1789907700114,db,406
1789907700114,machine,506
1789907701369,api,54
1789907701369,sealer,10
1789907701369,bench,46
1789907701369,db,368
1789907701369,machine,510
1789907702555,api,60
1789907702555,sealer,0
1789907702555,bench,40
1789907702555,db,296
1789907702555,machine,435
1789907703742,api,61
1789907703742,sealer,0
1789907703742,bench,51
1789907703742,db,308
1789907703742,machine,422
1789907704975,api,55
1789907704975,sealer,0
1789907704975,bench,34
1789907704975,db,282
1789907704975,machine,376
1789907706122,api,57
1789907706122,sealer,28
1789907706122,bench,44
1789907706122,db,409
1789907706122,machine,559
1789907707365,api,49
1789907707365,sealer,2
1789907707365,bench,45
1789907707365,db,473
1789907707365,machine,635
1789907708616,api,59
1789907708616,sealer,8
1789907708616,bench,47
1789907708616,db,403
1789907708616,machine,560
1789907709890,api,57
1789907709890,sealer,0
1789907709890,bench,36
1789907709890,db,274
1789907709890,machine,370
1789907711051,api,56
1789907711051,sealer,0
1789907711051,bench,35
1789907711051,db,261
1789907711051,machine,361
1789907712197,api,54
1789907712197,sealer,27
1789907712197,bench,36
1789907712197,db,240
1789907712197,machine,369
1789907713357,api,56
1789907713357,sealer,14
1789907713357,bench,40
1789907713357,db,319
1789907713357,machine,489
1789907714588,api,59
1789907714588,sealer,0
1789907714588,bench,41
1789907714588,db,384
1789907714588,machine,523
1789907715789,api,59
1789907715789,sealer,0
1789907715789,bench,37
1789907715789,db,273
1789907715789,machine,373
1789907716953,api,60
1789907716953,sealer,0
1789907716953,bench,38
1789907716953,db,278
1789907716953,machine,390
1789907718121,api,59
1789907718121,sealer,32
1789907718121,bench,39
1789907718121,db,280
1789907718121,machine,422
1789907719294,api,58
1789907719294,sealer,0
1789907719294,bench,39
1789907719294,db,279
1789907719294,machine,442
1789907720479,api,59
1789907720479,sealer,11
1789907720479,bench,40
1789907720479,db,351
1789907720479,machine,486
1789907721668,api,60
1789907721668,sealer,0
1789907721668,bench,41
1789907721668,db,387
1789907721668,machine,498
1789907722859,api,60
1789907722859,sealer,0
1789907722859,bench,38
1789907722859,db,281
1789907722859,machine,384
1789907724032,api,55
1789907724032,sealer,0
1789907724032,bench,43
1789907724032,db,451
1789907724032,machine,566
1789907725247,api,59
1789907725247,sealer,13
1789907725247,bench,40
1789907725247,db,325
1789907725247,machine,516
1789907726445,api,37
1789907726445,sealer,0
1789907726445,bench,0
1789907726445,db,213
1789907726445,machine,343
1789907727827,api,0
1789907727827,sealer,0
1789907727827,bench,0
1789907727827,db,184
1789907727827,machine,344
1789907729199,api,0
1789907729199,sealer,27
1789907729199,bench,0
1789907729199,db,189
1789907729199,machine,486
1789907730997,api,0
1789907730997,sealer,0
1789907730997,bench,0
1789907730997,db,151
1789907730997,machine,196
1789907732245,api,0
1789907732245,sealer,8
1789907732245,bench,0
1789907732245,db,88
1789907732245,machine,104
1789907733387,api,0
1789907733387,sealer,0
1789907733387,bench,0
1789907733387,db,102
1789907733387,machine,115
1789907734548,api,0
1789907734548,sealer,23
1789907734548,bench,0
1789907734548,db,90
1789907734548,machine,123
1789907735672,api,0
1789907735672,sealer,7
1789907735672,bench,0
1789907735672,db,164
1789907735672,machine,182
1789907736779,api,0
1789907736779,sealer,0
1789907736779,bench,0
1789907736779,db,182
1789907736779,machine,245
1789907738003,api,0
1789907738003,sealer,19
1789907738003,bench,0
1789907738003,db,104
1789907738003,machine,147
1789907739177,api,0
1789907739177,sealer,13
1789907739177,bench,0
1789907739177,db,87
1789907739177,machine,112
1789907740313,api,0
1789907740313,sealer,7
1789907740313,bench,0
1789907740313,db,95
1789907740313,machine,123
1789907741462,api,0
1789907741462,sealer,13
1789907741462,bench,0
1789907741462,db,172
1789907741462,machine,216
1789907742633,api,0
1789907742633,sealer,7
1789907742633,bench,0
1789907742633,db,158
1789907742633,machine,213
1789907743874,api,0
1789907743874,sealer,5
1789907743874,bench,0
1789907743874,db,124
1789907743874,machine,140
1789907744998,api,0
1789907744998,sealer,0
1789907744998,bench,0
1789907744998,db,108
1789907744998,machine,124
1789907746170,api,0
1789907746170,sealer,20
1789907746170,bench,0
1789907746170,db,80
1789907746170,machine,113
1789907747311,api,0
1789907747311,sealer,7
1789907747311,bench,0
1789907747311,db,188
1789907747311,machine,263
1789907748545,api,0
1789907748545,sealer,0
1789907748545,bench,0
1789907748545,db,129
1789907748545,machine,145
1789907749721,api,0
1789907749721,sealer,20
1789907749721,bench,0
1789907749721,db,192
1789907749721,machine,228
1789907750932,api,0
1789907750932,sealer,7
1789907750932,bench,0
1789907750932,db,94
1789907750932,machine,115
1789907752117,api,0
1789907752117,sealer,0
1789907752117,bench,0
1789907752117,db,101
1789907752117,machine,115
1789907753266,api,0
1789907753266,sealer,20
1789907753266,bench,0
1789907753266,db,181
1789907753266,machine,269
1789907754491,api,0
1789907754491,sealer,7
1789907754491,bench,0
1789907754491,db,101
1789907754491,machine,123
1789907755635,api,0
1789907755635,sealer,23
1789907755635,bench,0
1789907755635,db,169
1789907755635,machine,215
1789907756975,api,0
1789907756975,sealer,8
1789907756975,bench,0
1789907756975,db,117
1789907756975,machine,135
1789907758133,api,0
1789907758133,sealer,0
1789907758133,bench,0
1789907758133,db,102
1789907758133,machine,129
1789907759265,api,0
1789907759265,sealer,23
1789907759265,bench,0
1789907759265,db,167
1789907759265,machine,226
1789907760379,api,0
1789907760379,sealer,7
1789907760379,bench,0
1789907760379,db,102
1789907760379,machine,122
1789907761530,api,0
1789907761530,sealer,0
1789907761530,bench,0
1789907761530,db,204
1789907761530,machine,231
1789907762966,api,0
1789907762966,sealer,18
1789907762966,bench,0
1789907762966,db,67
1789907762966,machine,97
1789907764144,api,0
1789907764144,sealer,11
1789907764144,bench,0
1789907764144,db,103
1789907764144,machine,167
1789907765293,api,0
1789907765293,sealer,0
1789907765293,bench,0
1789907765293,db,175
1789907765293,machine,186
1789907766411,api,0
1789907766411,sealer,10
1789907766411,bench,0
1789907766411,db,161
1789907766411,machine,204
1789907767899,api,0
1789907767899,sealer,0
1789907767899,bench,0
1789907767899,db,124
1789907767899,machine,132
1789907769069,api,0
1789907769069,sealer,23
1789907769069,bench,0
1789907769069,db,104
1789907769069,machine,173
1789907770526,api,0
1789907770526,sealer,8
1789907770526,bench,0
1789907770526,db,126
1789907770526,machine,159
1789907771632,api,0
1789907771632,sealer,0
1789907771632,bench,0
1789907771632,db,160
1789907771632,machine,164
1789907772738,api,0
1789907772738,sealer,23
1789907772738,bench,0
1789907772738,db,97
1789907772738,machine,134
1789907773874,api,0
1789907773874,sealer,7
1789907773874,bench,0
1789907773874,db,155
1789907773874,machine,173
1789907775001,api,0
1789907775001,sealer,0
1789907775001,bench,0
1789907775001,db,102
1789907775001,machine,136
1789907776139,api,0
1789907776139,sealer,22
1789907776139,bench,0
1789907776139,db,84
1789907776139,machine,131
1789907777281,api,0
1789907777281,sealer,7
1789907777281,bench,0
1789907777281,db,176
1789907777281,machine,192
1789907778386,api,0
1789907778386,sealer,0
1789907778386,bench,0
1789907778386,db,102
1789907778386,machine,113
1789907779494,api,0
1789907779494,sealer,20
1789907779494,bench,0
1789907779494,db,194
1789907779494,machine,227
1789907780631,api,0
1789907780631,sealer,6
1789907780631,bench,0
1789907780631,db,160
1789907780631,machine,196
1789907781918,api,0
1789907781918,sealer,10
1789907781918,bench,0
1789907781918,db,86
1789907781918,machine,125
1789907783041,api,0
1789907783041,sealer,0
1789907783041,bench,0
1789907783041,db,280
1789907783041,machine,308
1789907784909,api,0
1789907784909,sealer,14
1789907784909,bench,0
1789907784909,db,70
1789907784909,machine,94
1789907786081,api,0
1789907786081,sealer,7
1789907786081,bench,0
1789907786081,db,148
1789907786081,machine,168
1789907787249,api,0
1789907787249,sealer,0
1789907787249,bench,0
1789907787249,db,112
1789907787249,machine,160
1789907788391,api,0
1789907788391,sealer,9
1789907788391,bench,0
1789907788391,db,105
1789907788391,machine,126
1789907789561,api,0
1789907789561,sealer,10
1789907789561,bench,0
1789907789561,db,170
1789907789561,machine,209
1789907790811,api,0
1789907790811,sealer,11
1789907790811,bench,0
1789907790811,db,392
1789907790811,machine,391
1789907791987,api,0
1789907791987,sealer,9
1789907791987,bench,0
1789907791987,db,187
1789907791987,machine,264
1789907793404,api,0
1789907793404,sealer,0
1789907793404,bench,0
1789907793404,db,112
1789907793404,machine,132
1789907795027,api,0
1789907795027,sealer,0
1789907795027,bench,0
1789907795027,db,78
1789907795027,machine,86
1789907796273,api,0
1789907796273,sealer,0
1789907796273,bench,0
1789907796273,db,202
1789907796273,machine,213
1789907797535,api,0
1789907797535,sealer,29
1789907797535,bench,0
1789907797535,db,202
1789907797535,machine,253
1789907798851,api,0
1789907798851,sealer,0
1789907798851,bench,0
1789907798851,db,230
1789907798851,machine,273
1789907800159,api,0
1789907800159,sealer,12
1789907800159,bench,0
1789907800159,db,94
1789907800159,machine,118
1789907801589,api,0
1789907801589,sealer,0
1789907801589,bench,0
1789907801589,db,83
1789907801589,machine,92
1789907802746,api,0
1789907802746,sealer,2
1789907802746,bench,0
1789907802746,db,163
1789907802746,machine,180
1789907803866,api,0
1789907803866,sealer,22
1789907803866,bench,0
1789907803866,db,159
1789907803866,machine,293
1789907805196,api,0
1789907805196,sealer,10
1789907805196,bench,0
1789907805196,db,195
1789907805196,machine,229
1789907806457,api,0
1789907806457,sealer,0
1789907806457,bench,0
1789907806457,db,149
1789907806457,machine,158
1789907807884,api,0
1789907807884,sealer,0
1789907807884,bench,0
1789907807884,db,147
1789907807884,machine,123
1789907809098,api,0
1789907809098,sealer,0
1789907809098,bench,0
1789907809098,db,148
1789907809098,machine,158
1789907810228,api,0
1789907810228,sealer,10
1789907810228,bench,0
1789907810228,db,169
1789907810228,machine,239
1789907811338,api,0
1789907811338,sealer,0
1789907811338,bench,0
1789907811338,db,169
1789907811338,machine,181
1789907812450,api,0
1789907812450,sealer,24
1789907812450,bench,0
1789907812450,db,147
1789907812450,machine,180
1789907813561,api,0
1789907813561,sealer,6
1789907813561,bench,0
1789907813561,db,97
1789907813561,machine,115
1789907814663,api,0
1789907814663,sealer,4
1789907814663,bench,0
1789907814663,db,106
1789907814663,machine,124
1789907815835,api,0
1789907815835,sealer,16
1789907815835,bench,0
1789907815835,db,174
1789907815835,machine,254
1789907816981,api,0
1789907816981,sealer,10
1789907816981,bench,0
1789907816981,db,105
1789907816981,machine,124
1789907818089,api,0
1789907818089,sealer,8
1789907818089,bench,0
1789907818089,db,183
1789907818089,machine,206
1789907819236,api,0
1789907819236,sealer,6
1789907819236,bench,0
1789907819236,db,120
1789907819236,machine,142
1789907820340,api,0
1789907820340,sealer,16
1789907820340,bench,0
1789907820340,db,88
1789907820340,machine,115
1789907821467,api,0
1789907821467,sealer,7
1789907821467,bench,0
1789907821467,db,140
1789907821467,machine,204
1789907822594,api,0
1789907822594,sealer,3
1789907822594,bench,0
1789907822594,db,148
1789907822594,machine,163
1789907823708,api,0
1789907823708,sealer,17
1789907823708,bench,0
1789907823708,db,142
1789907823708,machine,168
1789907824823,api,0
1789907824823,sealer,8
1789907824823,bench,0
1789907824823,db,124
1789907824823,machine,140
1789907825948,api,0
1789907825948,sealer,1
1789907825948,bench,0
1789907825948,db,103
1789907825948,machine,119
1789907827134,api,0
1789907827134,sealer,19
1789907827134,bench,0
1789907827134,db,134
1789907827134,machine,214
1789907828517,api,0
1789907828517,sealer,8
1789907828517,bench,0
1789907828517,db,126
1789907828517,machine,144
1789907829639,api,0
1789907829639,sealer,9
1789907829639,bench,0
1789907829639,db,146
1789907829639,machine,169
1789907830756,api,0
1789907830756,sealer,0
1789907830756,bench,0
1789907830756,db,135
1789907830756,machine,148
1789907831900,api,0
1789907831900,sealer,26
1789907831900,bench,0
1789907831900,db,78
1789907831900,machine,140
1789907833056,api,0
1789907833056,sealer,7
1789907833056,bench,0
1789907833056,db,141
1789907833056,machine,194
1789907834462,api,0
1789907834462,sealer,0
1789907834462,bench,0
1789907834462,db,147
1789907834462,machine,154
1789907835631,api,0
1789907835631,sealer,22
1789907835631,bench,0
1789907835631,db,130
1789907835631,machine,165
1789907836744,api,0
1789907836744,sealer,7
1789907836744,bench,0
1789907836744,db,132
1789907836744,machine,154
1789907837969,api,0
1789907837969,sealer,0
1789907837969,bench,0
1789907837969,db,99
1789907837969,machine,149
1789907839092,api,0
1789907839092,sealer,19
1789907839092,bench,0
1789907839092,db,84
1789907839092,machine,113
1789907840223,api,0
1789907840223,sealer,9
1789907840223,bench,0
1789907840223,db,224
1789907840223,machine,254
1789907841490,api,0
1789907841490,sealer,0
1789907841490,bench,0
1789907841490,db,144
1789907841490,machine,163
1789907842660,api,0
1789907842660,sealer,23
1789907842660,bench,0
1789907842660,db,104
1789907842660,machine,140
1789907843778,api,0
1789907843778,sealer,11
1789907843778,bench,0
1789907843778,db,103
1789907843778,machine,158
1789907844929,api,0
1789907844929,sealer,0
1789907844929,bench,0
1789907844929,db,100
1789907844929,machine,111
1789907846050,api,0
1789907846050,sealer,21
1789907846050,bench,0
1789907846050,db,153
1789907846050,machine,202
1789907847206,api,0
1789907847206,sealer,12
1789907847206,bench,0
1789907847206,db,131
1789907847206,machine,161
1789907848351,api,0
1789907848351,sealer,0
1789907848351,bench,0
1789907848351,db,179
1789907848351,machine,223
1789907849580,api,0
1789907849580,sealer,23
1789907849580,bench,0
1789907849580,db,109
1789907849580,machine,175
1789907851391,api,0
1789907851391,sealer,3
1789907851391,bench,0
1789907851391,db,74
1789907851391,machine,84
1789907852532,api,0
1789907852532,sealer,0
1789907852532,bench,0
1789907852532,db,195
1789907852532,machine,206
1789907853718,api,0
1789907853718,sealer,5
1789907853718,bench,0
1789907853718,db,171
1789907853718,machine,201
1789907854890,api,0
1789907854890,sealer,0
1789907854890,bench,0
1789907854890,db,148
1789907854890,machine,186
1789907856003,api,0
1789907856003,sealer,22
1789907856003,bench,0
1789907856003,db,108
1789907856003,machine,123
1789907857152,api,0
1789907857152,sealer,8
1789907857152,bench,0
1789907857152,db,92
1789907857152,machine,108
1789907858266,api,0
1789907858266,sealer,0
1789907858266,bench,0
1789907858266,db,288
1789907858266,machine,298
1789907859429,api,0
1789907859429,sealer,24
1789907859429,bench,0
1789907859429,db,224
1789907859429,machine,281
1789907860624,api,0
1789907860624,sealer,0
1789907860624,bench,0
1789907860624,db,206
1789907860624,machine,232
1789907861733,api,0
1789907861733,sealer,9
1789907861733,bench,0
1789907861733,db,99
1789907861733,machine,117
1789907862915,api,0
1789907862915,sealer,0
1789907862915,bench,0
1789907862915,db,104
1789907862915,machine,116
1789907864154,api,0
1789907864154,sealer,14
1789907864154,bench,0
1789907864154,db,141
1789907864154,machine,149
1789907865270,api,0
1789907865270,sealer,9
1789907865270,bench,0
1789907865270,db,204
1789907865270,machine,279
1789907866610,api,0
1789907866610,sealer,11
1789907866610,bench,0
1789907866610,db,162
1789907866610,machine,176
1789907867730,api,0
1789907867730,sealer,0
1789907867730,bench,0
1789907867730,db,200
1789907867730,machine,211
1789907868931,api,0
1789907868931,sealer,0
1789907868931,bench,0
1789907868931,db,96
1789907868931,machine,102
1789907870053,api,0
1789907870053,sealer,23
1789907870053,bench,0
1789907870053,db,81
1789907870053,machine,114
1789907871209,api,0
1789907871209,sealer,0
1789907871209,bench,0
1789907871209,db,223
1789907871209,machine,296
1789907872950,api,0
1789907872950,sealer,6
1789907872950,bench,0
1789907872950,db,112
1789907872950,machine,139
1789907874049,api,0
1789907874049,sealer,0
1789907874049,bench,0
1789907874049,db,191
1789907874049,machine,205
1789907875450,api,0
1789907875450,sealer,8
1789907875450,bench,0
1789907875450,db,70
1789907875450,machine,89
1789907876553,api,0
1789907876553,sealer,1
1789907876553,bench,0
1789907876553,db,110
1789907876553,machine,125
1789907877720,api,0
1789907877720,sealer,25
1789907877720,bench,0
1789907877720,db,119
1789907877720,machine,209
1789907878984,api,0
1789907878984,sealer,0
1789907878984,bench,0
1789907878984,db,242
1789907878984,machine,233
1789907880273,api,0
1789907880273,sealer,8
1789907880273,bench,0
1789907880273,db,139
1789907880273,machine,159
1789907881436,api,0
1789907881436,sealer,0
1789907881436,bench,0
1789907881436,db,119
1789907881436,machine,129
1789907882667,api,0
1789907882667,sealer,22
1789907882667,bench,0
1789907882667,db,70
1789907882667,machine,104
1789907883796,api,0
1789907883796,sealer,8
1789907883796,bench,0
1789907883796,db,110
1789907883796,machine,171
1789907884917,api,0
1789907884917,sealer,0
1789907884917,bench,0
1789907884917,db,174
1789907884917,machine,185
1789907886036,api,0
1789907886036,sealer,23
1789907886036,bench,0
1789907886036,db,168
1789907886036,machine,208
1789907887189,api,0
1789907887189,sealer,6
1789907887189,bench,0
1789907887189,db,91
1789907887189,machine,104
1789907888289,api,0
1789907888289,sealer,0
1789907888289,bench,0
1789907888289,db,114
1789907888289,machine,128
1789907889454,api,0
1789907889454,sealer,20
1789907889454,bench,0
1789907889454,db,85
1789907889454,machine,150
1789907890606,api,0
1789907890606,sealer,6
1789907890606,bench,0
1789907890606,db,193
1789907890606,machine,227
1789907891944,api,0
1789907891944,sealer,5
1789907891944,bench,0
1789907891944,db,151
1789907891944,machine,175
1789907893114,api,0
1789907893114,sealer,15
1789907893114,bench,0
1789907893114,db,117
1789907893114,machine,138
1789907894258,api,0
1789907894258,sealer,6
1789907894258,bench,0
1789907894258,db,102
1789907894258,machine,162
1789907895407,api,0
1789907895407,sealer,7
1789907895407,bench,0
1789907895407,db,91
1789907895407,machine,112
1789907896525,api,0
1789907896525,sealer,1
1789907896525,bench,0
1789907896525,db,206
1789907896525,machine,229
1789907897814,api,0
1789907897814,sealer,19
1789907897814,bench,0
1789907897814,db,156
1789907897814,machine,196
1789907899068,api,0
1789907899068,sealer,5
1789907899068,bench,0
1789907899068,db,91
1789907899068,machine,108
1789907900222,api,0
1789907900222,sealer,0
1789907900222,bench,0
1789907900222,db,107
1789907900222,machine,161
1789907901360,api,0
1789907901360,sealer,21
1789907901360,bench,0
1789907901360,db,80
1789907901360,machine,115
1789907902507,api,0
1789907902507,sealer,6
1789907902507,bench,0
1789907902507,db,182
1789907902507,machine,205
1789907903684,api,0
1789907903684,sealer,0
1789907903684,bench,0
1789907903684,db,184
1789907903684,machine,201
1789907904883,api,0
1789907904883,sealer,19
1789907904883,bench,0
1789907904883,db,81
1789907904883,machine,130
1789907906029,api,0
1789907906029,sealer,9
1789907906029,bench,0
1789907906029,db,103
1789907906029,machine,154
1789907907191,api,0
1789907907191,sealer,0
1789907907191,bench,0
1789907907191,db,112
1789907907191,machine,126
1789907908312,api,0
1789907908312,sealer,18
1789907908312,bench,0
1789907908312,db,155
1789907908312,machine,189
1789907909452,api,0
1789907909452,sealer,7
1789907909452,bench,0
1789907909452,db,179
1789907909452,machine,207
1789907910664,api,0
1789907910664,sealer,1
1789907910664,bench,0
1789907910664,db,112
1789907910664,machine,161
1789907911813,api,0
1789907911813,sealer,17
1789907911813,bench,0
1789907911813,db,97
1789907911813,machine,125
1789907912960,api,0
1789907912960,sealer,6
1789907912960,bench,0
1789907912960,db,100
1789907912960,machine,115
1789907914113,api,0
1789907914113,sealer,13
1789907914113,bench,0
1789907914113,db,167
1789907914113,machine,204
1789907915263,api,0
1789907915263,sealer,10
1789907915263,bench,0
1789907915263,db,176
1789907915263,machine,203
1789907916429,api,0
1789907916429,sealer,8
1789907916429,bench,0
1789907916429,db,151
1789907916429,machine,230
1789907917747,api,0
1789907917747,sealer,9
1789907917747,bench,0
1789907917747,db,84
1789907917747,machine,103
1789907918921,api,0
1789907918921,sealer,0
1789907918921,bench,0
1789907918921,db,99
1789907918921,machine,109
1789907920054,api,0
1789907920054,sealer,21
1789907920054,bench,0
1789907920054,db,138
1789907920054,machine,180
1789907921279,api,0
1789907921279,sealer,10
1789907921279,bench,0
1789907921279,db,178
1789907921279,machine,208
1789907922456,api,0
1789907922456,sealer,0
1789907922456,bench,0
1789907922456,db,137
1789907922456,machine,185
1789907923593,api,0
1789907923593,sealer,21
1789907923593,bench,0
1789907923593,db,87
1789907923593,machine,119
1789907924761,api,0
1789907924761,sealer,6
1789907924761,bench,0
1789907924761,db,95
1789907924761,machine,113
1789907925916,api,0
1789907925916,sealer,0
1789907925916,bench,0
1789907925916,db,141
1789907925916,machine,157
1789907927107,api,0
1789907927107,sealer,20
1789907927107,bench,0
1789907927107,db,168
1789907927107,machine,249
1789907928351,api,0
1789907928351,sealer,10
1789907928351,bench,0
1789907928351,db,140
1789907928351,machine,163
1789907929472,api,0
1789907929472,sealer,0
1789907929472,bench,0
1789907929472,db,103
1789907929472,machine,114
1789907930601,api,0
1789907930601,sealer,23
1789907930601,bench,0
1789907930601,db,108
1789907930601,machine,143
1789907931763,api,0
1789907931763,sealer,11
1789907931763,bench,0
1789907931763,db,117
1789907931763,machine,142
1789907932918,api,0
1789907932918,sealer,3
1789907932918,bench,0
1789907932918,db,194
1789907932918,machine,273
1789907934244,api,0
1789907934244,sealer,18
1789907934244,bench,0
1789907934244,db,112
1789907934244,machine,141
1789907935387,api,0
1789907935387,sealer,8
1789907935387,bench,0
1789907935387,db,95
1789907935387,machine,115
1789907936534,api,0
1789907936534,sealer,8
1789907936534,bench,0
1789907936534,db,106
1789907936534,machine,135
1789907937689,api,0
1789907937689,sealer,22
1789907937689,bench,0
1789907937689,db,172
1789907937689,machine,215
1789907939238,api,0
1789907939238,sealer,0
1789907939238,bench,0
1789907939238,db,138
1789907939238,machine,183
1789907940419,api,0
1789907940419,sealer,11
1789907940419,bench,0
1789907940419,db,130
1789907940419,machine,159
1789907941559,api,0
1789907941559,sealer,0
1789907941559,bench,0
1789907941559,db,106
1789907941559,machine,125
1789907942727,api,0
1789907942727,sealer,24
1789907942727,bench,0
1789907942727,db,75
1789907942727,machine,110
1789907943838,api,0
1789907943838,sealer,9
1789907943838,bench,0
1789907943838,db,135
1789907943838,machine,172
1789907944980,api,0
1789907944980,sealer,0
1789907944980,bench,0
1789907944980,db,174
1789907944980,machine,220
1789907946148,api,0
1789907946148,sealer,21
1789907946148,bench,0
1789907946148,db,146
1789907946148,machine,181
1789907947334,api,0
1789907947334,sealer,7
1789907947334,bench,0
1789907947334,db,94
1789907947334,machine,114
1789907948488,api,0
1789907948488,sealer,0
1789907948488,bench,0
1789907948488,db,115
1789907948488,machine,123
1789907949607,api,0
1789907949607,sealer,21
1789907949607,bench,0
1789907949607,db,123
1789907949607,machine,208
1789907950841,api,0
1789907950841,sealer,10
1789907950841,bench,0
1789907950841,db,179
1789907950841,machine,217
1789907952217,api,0
1789907952217,sealer,13
1789907952217,bench,0
1789907952217,db,124
1789907952217,machine,161
1789907953490,api,0
1789907953490,sealer,14
1789907953490,bench,0
1789907953490,db,85
1789907953490,machine,109
1789907954660,api,0
1789907954660,sealer,3
1789907954660,bench,0
1789907954660,db,100
1789907954660,machine,109
1789907955796,api,0
1789907955796,sealer,25
1789907955796,bench,0
1789907955796,db,130
1789907955796,machine,215
1789907956976,api,0
1789907956976,sealer,11
1789907956976,bench,0
1789907956976,db,205
1789907956976,machine,255
1789907958403,api,0
1789907958403,sealer,0
1789907958403,bench,0
1789907958403,db,115
1789907958403,machine,127
1789907959604,api,0
1789907959604,sealer,19
1789907959604,bench,0
1789907959604,db,89
1789907959604,machine,120
1789907960840,api,0
1789907960840,sealer,7
1789907960840,bench,0
1789907960840,db,113
1789907960840,machine,170
1789907962012,api,0
1789907962012,sealer,0
1789907962012,bench,0
1789907962012,db,154
1789907962012,machine,168
1789907963172,api,0
1789907963172,sealer,7
1789907963172,bench,0
1789907963172,db,190
1789907963172,machine,221
1789907964435,api,0
1789907964435,sealer,22
1789907964435,bench,0
1789907964435,db,111
1789907964435,machine,149
1789907965670,api,0
1789907965670,sealer,7
1789907965670,bench,0
1789907965670,db,93
1789907965670,machine,119
1789907966885,api,0
1789907966885,sealer,0
1789907966885,bench,0
1789907966885,db,102
1789907966885,machine,146
1789907968035,api,0
1789907968035,sealer,21
1789907968035,bench,0
1789907968035,db,147
1789907968035,machine,189
1789907969257,api,0
1789907969257,sealer,9
1789907969257,bench,0
1789907969257,db,211
1789907969257,machine,243
1789907970735,api,0
1789907970735,sealer,0
1789907970735,bench,0
1789907970735,db,81
1789907970735,machine,89
1789907971892,api,0
1789907971892,sealer,19
1789907971892,bench,0
1789907971892,db,99
1789907971892,machine,180
1789907973084,api,0
1789907973084,sealer,10
1789907973084,bench,0
1789907973084,db,89
1789907973084,machine,110
1789907974220,api,0
1789907974220,sealer,3
1789907974220,bench,0
1789907974220,db,169
1789907974220,machine,185
1789907975334,api,0
1789907975334,sealer,23
1789907975334,bench,0
1789907975334,db,193
1789907975334,machine,242
1789907976679,api,0
1789907976679,sealer,4
1789907976679,bench,0
1789907976679,db,87
1789907976679,machine,98
1789907977817,api,0
1789907977817,sealer,24
1789907977817,bench,0
1789907977817,db,87
1789907977817,machine,159
1789907978952,api,0
1789907978952,sealer,7
1789907978952,bench,0
1789907978952,db,100
1789907978952,machine,119
1789907980072,api,0
1789907980072,sealer,0
1789907980072,bench,0
1789907980072,db,167
1789907980072,machine,178
1789907981191,api,0
1789907981191,sealer,25
1789907981191,bench,0
1789907981191,db,159
1789907981191,machine,203
1789907982347,api,0
1789907982347,sealer,12
1789907982347,bench,0
1789907982347,db,158
1789907982347,machine,248
1789907984158,api,0
1789907984158,sealer,0
1789907984158,bench,0
1789907984158,db,65
1789907984158,machine,78
1789907985271,api,0
1789907985271,sealer,8
1789907985271,bench,0
1789907985271,db,126
1789907985271,machine,148
1789907986647,api,0
1789907986647,sealer,0
1789907986647,bench,0
1789907986647,db,211
1789907986647,machine,225
1789907988016,api,0
1789907988016,sealer,0
1789907988016,bench,0
1789907988016,db,162
1789907988016,machine,169
1789907989155,api,0
1789907989155,sealer,24
1789907989155,bench,0
1789907989155,db,84
1789907989155,machine,152
1789907990291,api,0
1789907990291,sealer,8
1789907990291,bench,0
1789907990291,db,90
1789907990291,machine,105
1789907991393,api,0
1789907991393,sealer,3
1789907991393,bench,0
1789907991393,db,119
1789907991393,machine,141
1789907992574,api,0
1789907992574,sealer,19
1789907992574,bench,0
1789907992574,db,152
1789907992574,machine,185
1789907993793,api,0
1789907993793,sealer,9
1789907993793,bench,0
1789907993793,db,201
1789907993793,machine,268
1789907995168,api,0
1789907995168,sealer,18
1789907995168,bench,0
1789907995168,db,72
1789907995168,machine,114
1789907996312,api,0
1789907996312,sealer,6
1789907996312,bench,0
1789907996312,db,98
1789907996312,machine,118
1789907997463,api,0
1789907997463,sealer,0
1789907997463,bench,0
1789907997463,db,100
1789907997463,machine,113
1789907998590,api,0
1789907998590,sealer,21
1789907998590,bench,0
1789907998590,db,172
1789907998590,machine,207
1789907999840,api,0
1789907999840,sealer,8
1789907999840,bench,0
1789907999840,db,187
1789907999840,machine,254
1789908001100,api,0
1789908001100,sealer,0
1789908001100,bench,0
1789908001100,db,95
1789908001100,machine,108
1789908002226,api,0
1789908002226,sealer,22
1789908002226,bench,0
1789908002226,db,80
1789908002226,machine,110
1789908003358,api,0
1789908003358,sealer,8
1789908003358,bench,0
1789908003358,db,126
1789908003358,machine,143
1789908004516,api,0
1789908004516,sealer,0
1789908004516,bench,0
1789908004516,db,151
1789908004516,machine,158
1789908005633,api,0
1789908005633,sealer,10
1789908005633,bench,0
1789908005633,db,198
1789908005633,machine,260
1789908006741,api,0
1789908006741,sealer,0
1789908006741,bench,0
1789908006741,db,133
1789908006741,machine,144
1789908007867,api,0
1789908007867,sealer,20
1789908007867,bench,0
1789908007867,db,87
1789908007867,machine,116
1789908008991,api,0
1789908008991,sealer,7
1789908008991,bench,0
1789908008991,db,95
1789908008991,machine,111
1789908010109,api,0
1789908010109,sealer,0
1789908010109,bench,0
1789908010109,db,127
1789908010109,machine,135
1789908011232,api,0
1789908011232,sealer,24
1789908011232,bench,0
1789908011232,db,164
1789908011232,machine,244
1789908012381,api,0
1789908012381,sealer,6
1789908012381,bench,0
1789908012381,db,165
1789908012381,machine,182
1789908013519,api,0
1789908013519,sealer,0
1789908013519,bench,0
1789908013519,db,99
1789908013519,machine,104
1789908014629,api,0
1789908014629,sealer,23
1789908014629,bench,0
1789908014629,db,98
1789908014629,machine,126
1789908015744,api,0
1789908015744,sealer,6
1789908015744,bench,0
1789908015744,db,96
1789908015744,machine,113
1789908016882,api,0
1789908016882,sealer,0
1789908016882,bench,0
1789908016882,db,191
1789908016882,machine,249
1789908018011,api,0
1789908018011,sealer,24
1789908018011,bench,0
1789908018011,db,160
1789908018011,machine,197
1789908019150,api,0
1789908019150,sealer,7
1789908019150,bench,0
1789908019150,db,96
1789908019150,machine,111
1789908020284,api,0
1789908020284,sealer,0
1789908020284,bench,0
1789908020284,db,100
1789908020284,machine,111
1789908021399,api,0
1789908021399,sealer,22
1789908021399,bench,0
1789908021399,db,81
1789908021399,machine,113
1789908022523,api,0
1789908022523,sealer,9
1789908022523,bench,0
1789908022523,db,168
1789908022523,machine,226
1789908023685,api,0
1789908023685,sealer,0
1789908023685,bench,0
1789908023685,db,191
1789908023685,machine,203
1789908024824,api,0
1789908024824,sealer,21
1789908024824,bench,0
1789908024824,db,100
1789908024824,machine,127
1789908025914,api,0
1789908025914,sealer,7
1789908025914,bench,0
1789908025914,db,114
1789908025914,machine,133
1789908027019,api,0
1789908027019,sealer,0
1789908027019,bench,0
1789908027019,db,104
1789908027019,machine,118
1789908028160,api,0
1789908028160,sealer,9
1789908028160,bench,0
1789908028160,db,138
1789908028160,machine,197
1789908029347,api,0
1789908029347,sealer,0
1789908029347,bench,0
1789908029347,db,204
1789908029347,machine,225
1789908030672,api,0
1789908030672,sealer,29
1789908030672,bench,0
1789908030672,db,170
1789908030672,machine,191
1789908032287,api,0
1789908032287,sealer,0
1789908032287,bench,0
1789908032287,db,69
1789908032287,machine,75
1789908033397,api,0
1789908033397,sealer,9
1789908033397,bench,0
1789908033397,db,96
1789908033397,machine,159
1789908034512,api,0
1789908034512,sealer,0
1789908034512,bench,0
1789908034512,db,173
1789908034512,machine,186
1789908035660,api,0
1789908035660,sealer,20
1789908035660,bench,0
1789908035660,db,105
1789908035660,machine,137
1789908036795,api,0
1789908036795,sealer,11
1789908036795,bench,0
1789908036795,db,151
1789908036795,machine,173
1789908037932,api,0
1789908037932,sealer,3
1789908037932,bench,0
1789908037932,db,133
1789908037932,machine,170
1789908039360,api,0
1789908039360,sealer,17
1789908039360,bench,0
1789908039360,db,81
1789908039360,machine,119
1789908040470,api,0
1789908040470,sealer,8
1789908040470,bench,0
1789908040470,db,158
1789908040470,machine,176
1789908041580,api,0
1789908041580,sealer,0
1789908041580,bench,0
1789908041580,db,127
1789908041580,machine,143
1789908042753,api,0
1789908042753,sealer,24
1789908042753,bench,0
1789908042753,db,133
1789908042753,machine,166
1789908043874,api,0
1789908043874,sealer,8
1789908043874,bench,0
1789908043874,db,123
1789908043874,machine,175
1789908045045,api,0
1789908045045,sealer,0
1789908045045,bench,0
1789908045045,db,132
1789908045045,machine,157
1789908046563,api,0
1789908046563,sealer,19
1789908046563,bench,0
1789908046563,db,142
1789908046563,machine,175
1789908048171,api,0
1789908048171,sealer,0
1789908048171,bench,0
1789908048171,db,128
1789908048171,machine,137
1789908049406,api,0
1789908049406,sealer,11
1789908049406,bench,0
1789908049406,db,195
1789908049406,machine,239
1789908050515,api,0
1789908050515,sealer,0
1789908050515,bench,0
1789908050515,db,146
1789908050515,machine,180
1789908051679,api,0
1789908051679,sealer,6
1789908051679,bench,0
1789908051679,db,91
1789908051679,machine,107
1789908052800,api,0
1789908052800,sealer,0
1789908052800,bench,0
1789908052800,db,141
1789908052800,machine,154
1789908054164,api,0
1789908054164,sealer,22
1789908054164,bench,0
1789908054164,db,131
1789908054164,machine,164
1789908055266,api,0
1789908055266,sealer,5
1789908055266,bench,0
1789908055266,db,189
1789908055266,machine,258
1789908056425,api,0
1789908056425,sealer,5
1789908056425,bench,0
1789908056425,db,182
1789908056425,machine,194
1789908057565,api,0
1789908057565,sealer,0
1789908057565,bench,0
1789908057565,db,109
1789908057565,machine,121
1789908058716,api,0
1789908058716,sealer,21
1789908058716,bench,0
1789908058716,db,78
1789908058716,machine,110
1789908059830,api,0
1789908059830,sealer,7
1789908059830,bench,0
1789908059830,db,208
1789908059830,machine,229
1789908061012,api,0
1789908061012,sealer,0
1789908061012,bench,0
1789908061012,db,121
1789908061012,machine,174
1789908062161,api,0
1789908062161,sealer,23
1789908062161,bench,0
1789908062161,db,161
1789908062161,machine,198
1789908063336,api,0
1789908063336,sealer,8
1789908063336,bench,0
1789908063336,db,299
1789908063336,machine,300
1789908064702,api,0
1789908064702,sealer,0
1789908064702,bench,0
1789908064702,db,243
1789908064702,machine,224
1789908065801,api,0
1789908065801,sealer,13
1789908065801,bench,0
1789908065801,db,178
1789908065801,machine,222
1789908067149,api,0
1789908067149,sealer,12
1789908067149,bench,0
1789908067149,db,135
1789908067149,machine,185
1789908068308,api,0
1789908068308,sealer,6
1789908068308,bench,0
1789908068308,db,177
1789908068308,machine,193
1789908069429,api,0
1789908069429,sealer,0
1789908069429,bench,0
1789908069429,db,102
1789908069429,machine,109
1789908070531,api,0
1789908070531,sealer,23
1789908070531,bench,0
1789908070531,db,81
1789908070531,machine,112
1789908071661,api,0
1789908071661,sealer,7
1789908071661,bench,0
1789908071661,db,98
1789908071661,machine,123
1789908072820,api,0
1789908072820,sealer,0
1789908072820,bench,0
1789908072820,db,243
1789908072820,machine,277
1789908074172,api,0
1789908074172,sealer,0
1789908074172,bench,0
1789908074172,db,326
1789908074172,machine,337
1789908075327,api,0
1789908075327,sealer,6
1789908075327,bench,0
1789908075327,db,132
1789908075327,machine,148
1789908076444,api,0
1789908076444,sealer,0
1789908076444,bench,0
1789908076444,db,102
1789908076444,machine,111
1789908077558,api,0
1789908077558,sealer,22
1789908077558,bench,0
1789908077558,db,79
1789908077558,machine,133
1789908078668,api,0
1789908078668,sealer,7
1789908078668,bench,0
1789908078668,db,97
1789908078668,machine,140
1789908079769,api,0
1789908079769,sealer,0
1789908079769,bench,0
1789908079769,db,211
1789908079769,machine,223
1789908080902,api,0
1789908080902,sealer,22
1789908080902,bench,0
1789908080902,db,178
1789908080902,machine,213
1789908082031,api,0
1789908082031,sealer,0
1789908082031,bench,0
1789908082031,db,108
1789908082031,machine,116
1789908083147,api,0
1789908083147,sealer,6
1789908083147,bench,0
1789908083147,db,264
1789908083147,machine,303
1789908084410,api,0
1789908084410,sealer,0
1789908084410,bench,0
1789908084410,db,93
1789908084410,machine,127
1789908085526,api,0
1789908085526,sealer,18
1789908085526,bench,0
1789908085526,db,146
1789908085526,machine,178
1789908086663,api,0
1789908086663,sealer,10
1789908086663,bench,0
1789908086663,db,191
1789908086663,machine,214
1789908087816,api,0
1789908087816,sealer,0
1789908087816,bench,0
1789908087816,db,124
1789908087816,machine,135
1789908088927,api,0
1789908088927,sealer,18
1789908088927,bench,0
1789908088927,db,87
1789908088927,machine,142
1789908090041,api,0
1789908090041,sealer,6
1789908090041,bench,0
1789908090041,db,114
1789908090041,machine,158
1789908091193,api,0
1789908091193,sealer,8
1789908091193,bench,0
1789908091193,db,122
1789908091193,machine,144
1789908092314,api,0
1789908092314,sealer,0
1789908092314,bench,0
1789908092314,db,363
1789908092314,machine,371
1789908093438,api,0
1789908093438,sealer,23
1789908093438,bench,0
1789908093438,db,171
1789908093438,machine,208
1789908094577,api,0
1789908094577,sealer,7
1789908094577,bench,0
1789908094577,db,99
1789908094577,machine,136
1789908095745,api,0
1789908095745,sealer,0
1789908095745,bench,0
1789908095745,db,104
1789908095745,machine,134
1789908096886,api,0
1789908096886,sealer,7
1789908096886,bench,0
1789908096886,db,96
1789908096886,machine,116
1789908098028,api,0
1789908098028,sealer,0
1789908098028,bench,0
1789908098028,db,200
1789908098028,machine,212
1789908099182,api,1
1789908099182,sealer,25
1789908099182,bench,0
1789908099182,db,167
1789908099182,machine,214
1789908100420,api,0
1789908100420,sealer,7
1789908100420,bench,0
1789908100420,db,129
1789908100420,machine,190
1789908101656,api,0
1789908101656,sealer,0
1789908101656,bench,0
1789908101656,db,241
1789908101656,machine,305
1789908103006,api,0
1789908103006,sealer,0
1789908103006,bench,0
1789908103006,db,88
1789908103006,machine,149
1789908104152,api,0
1789908104152,sealer,21
1789908104152,bench,0
1789908104152,db,172
1789908104152,machine,204
1789908105305,api,0
1789908105305,sealer,12
1789908105305,bench,0
1789908105305,db,170
1789908105305,machine,196
1789908106453,api,0
1789908106453,sealer,0
1789908106453,bench,0
1789908106453,db,124
1789908106453,machine,178
1789908107582,api,0
1789908107582,sealer,20
1789908107582,bench,0
1789908107582,db,95
1789908107582,machine,123
1789908108708,api,0
1789908108708,sealer,7
1789908108708,bench,0
1789908108708,db,94
1789908108708,machine,113
1789908109834,api,0
1789908109834,sealer,0
1789908109834,bench,0
1789908109834,db,173
1789908109834,machine,190
1789908111020,api,0
1789908111020,sealer,0
1789908111020,bench,0
1789908111020,db,373
1789908111020,machine,389
1789908112215,api,0
1789908112215,sealer,27
1789908112215,bench,0
1789908112215,db,136
1789908112215,machine,214
1789908113347,api,0
1789908113347,sealer,10
1789908113347,bench,0
1789908113347,db,89
1789908113347,machine,108
1789908114455,api,0
1789908114455,sealer,0
1789908114455,bench,0
1789908114455,db,102
1789908114455,machine,115
1789908115582,api,0
1789908115582,sealer,23
1789908115582,bench,0
1789908115582,db,121
1789908115582,machine,158
1789908116732,api,0
1789908116732,sealer,0
1789908116732,bench,0
1789908116732,db,175
1789908116732,machine,193
1789908117896,api,0
1789908117896,sealer,8
1789908117896,bench,0
1789908117896,db,232
1789908117896,machine,287
1789908119420,api,0
1789908119420,sealer,0
1789908119420,bench,0
1789908119420,db,78
1789908119420,machine,88
1789908120542,api,0
1789908120542,sealer,13
1789908120542,bench,0
1789908120542,db,289
1789908120542,machine,311
1789908121647,api,0
1789908121647,sealer,0
1789908121647,bench,0
1789908121647,db,127
1789908121647,machine,146
1789908122795,api,0
1789908122795,sealer,23
1789908122795,bench,0
1789908122795,db,151
1789908122795,machine,233
1789908123936,api,0
1789908123936,sealer,8
1789908123936,bench,0
1789908123936,db,170
1789908123936,machine,191
1789908125135,api,0
1789908125135,sealer,0
1789908125135,bench,0
1789908125135,db,125
1789908125135,machine,137
1789908126276,api,0
1789908126276,sealer,22
1789908126276,bench,0
1789908126276,db,85
1789908126276,machine,119
1789908127399,api,0
1789908127399,sealer,7
1789908127399,bench,0
1789908127399,db,97
1789908127399,machine,119
1789908128543,api,0
1789908128543,sealer,0
1789908128543,bench,0
1789908128543,db,304
1789908128543,machine,363
1789908129763,api,0
1789908129763,sealer,13
1789908129763,bench,0
1789908129763,db,199
1789908129763,machine,227
1789908130906,api,0
1789908130906,sealer,11
1789908130906,bench,0
1789908130906,db,164
1789908130906,machine,185
1789908132042,api,0
1789908132042,sealer,7
1789908132042,bench,0
1789908132042,db,103
1789908132042,machine,123
1789908133245,api,0
1789908133245,sealer,22
1789908133245,bench,0
1789908133245,db,74
1789908133245,machine,115
1789908134381,api,0
1789908134381,sealer,0
1789908134381,bench,0
1789908134381,db,234
1789908134381,machine,297
1789908135651,api,0
1789908135651,sealer,7
1789908135651,bench,0
1789908135651,db,112
1789908135651,machine,137
1789908136839,api,0
1789908136839,sealer,6
1789908136839,bench,0
1789908136839,db,185
1789908136839,machine,207
1789908138044,api,0
1789908138044,sealer,21
1789908138044,bench,0
1789908138044,db,231
1789908138044,machine,274
1789908139341,api,0
1789908139341,sealer,3
1789908139341,bench,0
1789908139341,db,94
1789908139341,machine,127
1789908140552,api,0
1789908140552,sealer,14
1789908140552,bench,0
1789908140552,db,186
1789908140552,machine,243
1789908141862,api,0
1789908141862,sealer,0
1789908141862,bench,0
1789908141862,db,133
1789908141862,machine,145
1789908143028,api,0
1789908143028,sealer,9
1789908143028,bench,0
1789908143028,db,176
1789908143028,machine,196
1789908144172,api,0
1789908144172,sealer,16
1789908144172,bench,0
1789908144172,db,86
1789908144172,machine,111
1789908145280,api,0
1789908145280,sealer,11
1789908145280,bench,0
1789908145280,db,128
1789908145280,machine,221
1789908146694,api,0
1789908146694,sealer,2
1789908146694,bench,0
1789908146694,db,304
1789908146694,machine,326
1789908147975,api,0
1789908147975,sealer,17
1789908147975,bench,0
1789908147975,db,153
1789908147975,machine,185
1789908149215,api,0
1789908149215,sealer,9
1789908149215,bench,0
1789908149215,db,152
1789908149215,machine,169
1789908150418,api,0
1789908150418,sealer,0
1789908150418,bench,0
1789908150418,db,96
1789908150418,machine,123
1789908151560,api,0
1789908151560,sealer,24
1789908151560,bench,0
1789908151560,db,91
1789908151560,machine,147
1789908152704,api,0
1789908152704,sealer,9
1789908152704,bench,0
1789908152704,db,138
1789908152704,machine,157
1789908153822,api,0
1789908153822,sealer,0
1789908153822,bench,0
1789908153822,db,153
1789908153822,machine,163
1789908154954,api,0
1789908154954,sealer,21
1789908154954,bench,0
1789908154954,db,480
1789908154954,machine,499
1789908156375,api,0
1789908156375,sealer,14
1789908156375,bench,0
1789908156375,db,133
1789908156375,machine,197
1789908157529,api,0
1789908157529,sealer,10
1789908157529,bench,0
1789908157529,db,90
1789908157529,machine,113
1789908158656,api,0
1789908158656,sealer,0
1789908158656,bench,0
1789908158656,db,147
1789908158656,machine,165
1789908159853,api,0
1789908159853,sealer,20
1789908159853,bench,0
1789908159853,db,125
1789908159853,machine,155
1789908160984,api,0
1789908160984,sealer,12
1789908160984,bench,0
1789908160984,db,113
1789908160984,machine,138
1789908162171,api,0
1789908162171,sealer,0
1789908162171,bench,0
1789908162171,db,204
1789908162171,machine,294
1789908163514,api,0
1789908163514,sealer,9
1789908163514,bench,0
1789908163514,db,250
1789908163514,machine,267
1789908164652,api,0
1789908164652,sealer,0
1789908164652,bench,0
1789908164652,db,163
1789908164652,machine,189
1789908165987,api,0
1789908165987,sealer,21
1789908165987,bench,0
1789908165987,db,115
1789908165987,machine,143
1789908167144,api,0
1789908167144,sealer,8
1789908167144,bench,0
1789908167144,db,110
1789908167144,machine,146
1789908168345,api,0
1789908168345,sealer,6
1789908168345,bench,0
1789908168345,db,178
1789908168345,machine,232
1789908169501,api,0
1789908169501,sealer,16
1789908169501,bench,0
1789908169501,db,91
1789908169501,machine,110
1789908170661,api,0
1789908170661,sealer,9
1789908170661,bench,0
1789908170661,db,149
1789908170661,machine,171
1789908172177,api,0
1789908172177,sealer,0
1789908172177,bench,0
1789908172177,db,281
1789908172177,machine,284
1789908173299,api,0
1789908173299,sealer,13
1789908173299,bench,0
1789908173299,db,101
1789908173299,machine,191
1789908174418,api,0
1789908174418,sealer,17
1789908174418,bench,0
1789908174418,db,187
1789908174418,machine,220
1789908175525,api,0
1789908175525,sealer,10
1789908175525,bench,0
1789908175525,db,93
1789908175525,machine,109
1789908176638,api,0
1789908176638,sealer,0
1789908176638,bench,0
1789908176638,db,106
1789908176638,machine,121
1789908177787,api,0
1789908177787,sealer,25
1789908177787,bench,0
1789908177787,db,137
1789908177787,machine,173
1789908178919,api,0
1789908178919,sealer,11
1789908178919,bench,0
1789908178919,db,138
1789908178919,machine,211
1789908180131,api,0
1789908180131,sealer,0
1789908180131,bench,0
1789908180131,db,154
1789908180131,machine,167
1789908181250,api,0
1789908181250,sealer,9
1789908181250,bench,0
1789908181250,db,161
1789908181250,machine,183
1789908182383,api,0
1789908182383,sealer,15
1789908182383,bench,0
1789908182383,db,224
1789908182383,machine,245
1789908183503,api,0
1789908183503,sealer,8
1789908183503,bench,0
1789908183503,db,141
1789908183503,machine,168
1789908184751,api,0
1789908184751,sealer,6
1789908184751,bench,0
1789908184751,db,149
1789908184751,machine,210
1789908185981,api,0
1789908185981,sealer,0
1789908185981,bench,0
1789908185981,db,174
1789908185981,machine,203
1789908187620,api,0
1789908187620,sealer,17
1789908187620,bench,0
1789908187620,db,116
1789908187620,machine,141
1789908188818,api,0
1789908188818,sealer,7
1789908188818,bench,0
1789908188818,db,85
1789908188818,machine,101
1789908189927,api,0
1789908189927,sealer,2
1789908189927,bench,0
1789908189927,db,164
1789908189927,machine,206
1789908191055,api,0
1789908191055,sealer,0
1789908191055,bench,0
1789908191055,db,351
1789908191055,machine,394
1789908192254,api,0
1789908192254,sealer,0
1789908192254,bench,0
1789908192254,db,96
1789908192254,machine,105
1789908193384,api,0
1789908193384,sealer,21
1789908193384,bench,0
1789908193384,db,159
1789908193384,machine,192
1789908194525,api,0
1789908194525,sealer,9
1789908194525,bench,0
1789908194525,db,95
1789908194525,machine,114
1789908195667,api,0
1789908195667,sealer,0
1789908195667,bench,0
1789908195667,db,108
1789908195667,machine,166
1789908196893,api,0
1789908196893,sealer,21
1789908196893,bench,0
1789908196893,db,177
1789908196893,machine,230
1789908198189,api,0
1789908198189,sealer,6
1789908198189,bench,0
1789908198189,db,87
1789908198189,machine,103
1789908199338,api,0
1789908199338,sealer,1
1789908199338,bench,0
1789908199338,db,201
1789908199338,machine,220
1789908200467,api,0
1789908200467,sealer,20
1789908200467,bench,0
1789908200467,db,217
1789908200467,machine,248
1789908201608,api,0
1789908201608,sealer,9
1789908201608,bench,0
1789908201608,db,99
1789908201608,machine,164
1789908202772,api,0
1789908202772,sealer,24
1789908202772,bench,0
1789908202772,db,218
1789908202772,machine,262
1789908204207,api,0
1789908204207,sealer,7
1789908204207,bench,0
1789908204207,db,80
1789908204207,machine,96
1789908205347,api,0
1789908205347,sealer,0
1789908205347,bench,0
1789908205347,db,201
1789908205347,machine,219
1789908206554,api,0
1789908206554,sealer,14
1789908206554,bench,0
1789908206554,db,82
1789908206554,machine,124
1789908207667,api,0
1789908207667,sealer,0
1789908207667,bench,0
1789908207667,db,108
1789908207667,machine,135
1789908208825,api,0
1789908208825,sealer,37
1789908208825,bench,0
1789908208825,db,437
1789908208825,machine,472
1789908211524,api,0
1789908211524,sealer,0
1789908211524,bench,0
1789908211524,db,110
1789908211524,machine,111
1789908212631,api,0
1789908212631,sealer,9
1789908212631,bench,0
1789908212631,db,138
1789908212631,machine,198
1789908213763,api,0
1789908213763,sealer,0
1789908213763,bench,0
1789908213763,db,99
1789908213763,machine,110
1789908214880,api,0
1789908214880,sealer,23
1789908214880,bench,0
1789908214880,db,77
1789908214880,machine,107
1789908215982,api,0
1789908215982,sealer,9
1789908215982,bench,0
1789908215982,db,102
1789908215982,machine,119
1789908217101,api,0
1789908217101,sealer,0
1789908217101,bench,0
1789908217101,db,247
1789908217101,machine,286
1789908218519,api,0
1789908218519,sealer,23
1789908218519,bench,0
1789908218519,db,127
1789908218519,machine,203
1789908219750,api,0
1789908219750,sealer,5
1789908219750,bench,0
1789908219750,db,143
1789908219750,machine,160
1789908220908,api,0
1789908220908,sealer,0
1789908220908,bench,0
1789908220908,db,213
1789908220908,machine,221
1789908222041,api,0
1789908222041,sealer,21
1789908222041,bench,0
1789908222041,db,82
1789908222041,machine,112
1789908223190,api,0
1789908223190,sealer,8
1789908223190,bench,0
1789908223190,db,181
1789908223190,machine,226
1789908224459,api,0
1789908224459,sealer,0
1789908224459,bench,0
1789908224459,db,193
1789908224459,machine,245
1789908225614,api,0
1789908225614,sealer,14
1789908225614,bench,0
1789908225614,db,93
1789908225614,machine,120
1789908226745,api,0
1789908226745,sealer,15
1789908226745,bench,0
1789908226745,db,97
1789908226745,machine,124
1789908227938,api,0
1789908227938,sealer,0
1789908227938,bench,0
1789908227938,db,105
1789908227938,machine,124
1789908229162,api,0
1789908229162,sealer,6
1789908229162,bench,0
1789908229162,db,373
1789908229162,machine,418
1789908230477,api,0
1789908230477,sealer,0
1789908230477,bench,0
1789908230477,db,295
1789908230477,machine,350
1789908231680,api,0
1789908231680,sealer,0
1789908231680,bench,0
1789908231680,db,121
1789908231680,machine,134
1789908232822,api,0
1789908232822,sealer,21
1789908232822,bench,0
1789908232822,db,82
1789908232822,machine,117
1789908233977,api,0
1789908233977,sealer,10
1789908233977,bench,0
1789908233977,db,95
1789908233977,machine,118
1789908235109,api,0
1789908235109,sealer,11
1789908235109,bench,0
1789908235109,db,92
1789908235109,machine,124
1789908236285,api,0
1789908236285,sealer,11
1789908236285,bench,0
1789908236285,db,232
1789908236285,machine,295
1789908237461,api,0
1789908237461,sealer,11
1789908237461,bench,0
1789908237461,db,174
1789908237461,machine,198
1789908238608,api,0
1789908238608,sealer,1
1789908238608,bench,0
1789908238608,db,263
1789908238608,machine,276
1789908239774,api,0
1789908239774,sealer,18
1789908239774,bench,0
1789908239774,db,83
1789908239774,machine,114
1789908240921,api,0
1789908240921,sealer,8
1789908240921,bench,0
1789908240921,db,92
1789908240921,machine,136
1789908242050,api,0
1789908242050,sealer,0
1789908242050,bench,0
1789908242050,db,165
1789908242050,machine,192
1789908243241,api,0
1789908243241,sealer,24
1789908243241,bench,0
1789908243241,db,212
1789908243241,machine,256
1789908244491,api,0
1789908244491,sealer,7
1789908244491,bench,0
1789908244491,db,92
1789908244491,machine,112
1789908245630,api,0
1789908245630,sealer,0
1789908245630,bench,0
1789908245630,db,108
1789908245630,machine,122
1789908246834,api,0
1789908246834,sealer,18
1789908246834,bench,0
1789908246834,db,102
1789908246834,machine,177
1789908248012,api,0
1789908248012,sealer,6
1789908248012,bench,0
1789908248012,db,448
1789908248012,machine,470
1789908249201,api,0
1789908249201,sealer,0
1789908249201,bench,0
1789908249201,db,549
1789908249201,machine,553
1789908250312,api,0
1789908250312,sealer,10
1789908250312,bench,0
1789908250312,db,360
1789908250312,machine,382
1789908251473,api,0
1789908251473,sealer,0
1789908251473,bench,0
1789908251473,db,317
1789908251473,machine,325
1789908252644,api,0
1789908252644,sealer,0
1789908252644,bench,0
1789908252644,db,362
1789908252644,machine,410
1789908253796,api,0
1789908253796,sealer,19
1789908253796,bench,0
1789908253796,db,354
1789908253796,machine,381
1789908254917,api,0
1789908254917,sealer,8
1789908254917,bench,0
1789908254917,db,514
1789908254917,machine,534
1789908256087,api,0
1789908256087,sealer,0
1789908256087,bench,0
1789908256087,db,562
1789908256087,machine,570
1789908257245,api,0
1789908257245,sealer,0
1789908257245,bench,0
1789908257245,db,331
1789908257245,machine,347
1789908258394,api,0
1789908258394,sealer,23
1789908258394,bench,0
1789908258394,db,206
1789908258394,machine,276
1789908259598,api,0
1789908259598,sealer,3
1789908259598,bench,0
1789908259598,db,250
1789908259598,machine,264
1789908260773,api,0
1789908260773,sealer,4
1789908260773,bench,0
1789908260773,db,302
1789908260773,machine,320
1789908262003,api,0
1789908262003,sealer,0
1789908262003,bench,0
1789908262003,db,493
1789908262003,machine,504
1789908263208,api,0
1789908263208,sealer,28
1789908263208,bench,0
1789908263208,db,465
1789908263208,machine,531
1789908264427,api,0
1789908264427,sealer,0
1789908264427,bench,0
1789908264427,db,486
1789908264427,machine,514
1789908265614,api,0
1789908265614,sealer,0
1789908265614,bench,0
1789908265614,db,101
1789908265614,machine,114
1789908266798,api,0
1789908266798,sealer,11
1789908266798,bench,0
1789908266798,db,288
1789908266798,machine,298
1789908267951,api,0
1789908267951,sealer,0
1789908267951,bench,0
1789908267951,db,238
1789908267951,machine,247
1789908269111,api,0
1789908269111,sealer,0
1789908269111,bench,0
1789908269111,db,561
1789908269111,machine,606
1789908270364,api,0
1789908270364,sealer,0
1789908270364,bench,0
1789908270364,db,424
1789908270364,machine,451
1789908271493,api,0
1789908271493,sealer,0
1789908271493,bench,0
1789908271493,db,496
1789908271493,machine,499
1789908272640,api,0
1789908272640,sealer,44
1789908272640,bench,0
1789908272640,db,162
1789908272640,machine,219
1789908273803,api,0
1789908273803,sealer,0
1789908273803,bench,0
1789908273803,db,339
1789908273803,machine,345
1789908274914,api,0
1789908274914,sealer,5
1789908274914,bench,0
1789908274914,db,228
1789908274914,machine,258
1789908276018,api,0
1789908276018,sealer,2
1789908276018,bench,0
1789908276018,db,533
1789908276018,machine,584
1789908277232,api,0
1789908277232,sealer,0
1789908277232,bench,0
1789908277232,db,372
1789908277232,machine,379
1789908278385,api,0
1789908278385,sealer,0
1789908278385,bench,0
1789908278385,db,386
1789908278385,machine,399
1789908279534,api,0
1789908279534,sealer,6
1789908279534,bench,0
1789908279534,db,393
1789908279534,machine,419
1789908280825,api,0
1789908280825,sealer,14
1789908280825,bench,0
1789908280825,db,268
1789908280825,machine,333
1789908281984,api,0
1789908281984,sealer,5
1789908281984,bench,0
1789908281984,db,300
1789908281984,machine,314
1789908283162,api,0
1789908283162,sealer,6
1789908283162,bench,0
1789908283162,db,416
1789908283162,machine,435
1789908284297,api,0
1789908284297,sealer,0
1789908284297,bench,0
1789908284297,db,484
1789908284297,machine,491
1789908285455,api,0
1789908285455,sealer,22
1789908285455,bench,0
1789908285455,db,397
1789908285455,machine,438
1789908286718,api,0
1789908286718,sealer,7
1789908286718,bench,0
1789908286718,db,258
1789908286718,machine,307
1789908287896,api,0
1789908287896,sealer,0
1789908287896,bench,0
1789908287896,db,359
1789908287896,machine,374
1789908289160,api,0
1789908289160,sealer,16
1789908289160,bench,0
1789908289160,db,178
1789908289160,machine,207
1789908290317,api,0
1789908290317,sealer,0
1789908290317,bench,0
1789908290317,db,336
1789908290317,machine,350
1789908291499,api,0
1789908291499,sealer,10
1789908291499,bench,0
1789908291499,db,440
1789908291499,machine,475
1789908292620,api,0
1789908292620,sealer,0
1789908292620,bench,0
1789908292620,db,512
1789908292620,machine,563
1789908293807,api,0
1789908293807,sealer,21
1789908293807,bench,0
1789908293807,db,108
1789908293807,machine,133
1789908294948,api,0
1789908294948,sealer,0
1789908294948,bench,0
1789908294948,db,526
1789908294948,machine,501
1789908296466,api,0
1789908296466,sealer,0
1789908296466,bench,0
1789908296466,db,354
1789908296466,machine,343
1789908297875,api,0
1789908297875,sealer,9
1789908297875,bench,0
1789908297875,db,336
1789908297875,machine,396
1789908299042,api,0
1789908299042,sealer,0
1789908299042,bench,0
1789908299042,db,730
1789908299042,machine,740
1789908302202,api,0
1789908302202,sealer,0
1789908302202,bench,0
1789908302202,db,58
1789908302202,machine,68
1789908303395,api,0
1789908303395,sealer,0
1789908303395,bench,0
1789908303395,db,98
1789908303395,machine,110
1789908304535,api,0
1789908304535,sealer,11
1789908304535,bench,0
1789908304535,db,135
1789908304535,machine,201
1789908305734,api,0
1789908305734,sealer,0
1789908305734,bench,0
1789908305734,db,164
1789908305734,machine,180
1789908306930,api,0
1789908306930,sealer,19
1789908306930,bench,0
1789908306930,db,103
1789908306930,machine,138
1789908308108,api,0
1789908308108,sealer,11
1789908308108,bench,0
1789908308108,db,174
1789908308108,machine,196
1789908309257,api,0
1789908309257,sealer,0
1789908309257,bench,0
1789908309257,db,104
1789908309257,machine,147
1789908310444,api,0
1789908310444,sealer,19
1789908310444,bench,0
1789908310444,db,89
1789908310444,machine,150
1789908311564,api,0
1789908311564,sealer,0
1789908311564,bench,0
1789908311564,db,339
1789908311564,machine,347
1789908312673,api,0
1789908312673,sealer,9
1789908312673,bench,0
1789908312673,db,493
1789908312673,machine,513
1789908313821,api,0
1789908313821,sealer,0
1789908313821,bench,0
1789908313821,db,461
1789908313821,machine,473
1789908314934,api,0
1789908314934,sealer,0
1789908314934,bench,0
1789908314934,db,320
1789908314934,machine,358
1789908316076,api,0
1789908316076,sealer,26
1789908316076,bench,0
1789908316076,db,84
1789908316076,machine,148
1789908317225,api,0
1789908317225,sealer,6
1789908317225,bench,0
1789908317225,db,287
1789908317225,machine,308
1789908318540,api,0
1789908318540,sealer,0
1789908318540,bench,0
1789908318540,db,361
1789908318540,machine,367
1789908319667,api,0
1789908319667,sealer,26
1789908319667,bench,0
1789908319667,db,312
1789908319667,machine,348
1789908320781,api,0
1789908320781,sealer,0
1789908320781,bench,0
1789908320781,db,574
1789908320781,machine,633
1789908322036,api,0
1789908322036,sealer,11
1789908322036,bench,0
1789908322036,db,326
1789908322036,machine,360
1789908323144,api,0
1789908323144,sealer,0
1789908323144,bench,0
1789908323144,db,447
1789908323144,machine,461
1789908324318,api,0
1789908324318,sealer,22
1789908324318,bench,0
1789908324318,db,461
1789908324318,machine,494
1789908325462,api,0
1789908325462,sealer,6
1789908325462,bench,0
1789908325462,db,192
1789908325462,machine,210
1789908326582,api,0
1789908326582,sealer,3
1789908326582,bench,0
1789908326582,db,507
1789908326582,machine,564
1789908327758,api,0
1789908327758,sealer,0
1789908327758,bench,0
1789908327758,db,340
1789908327758,machine,353
1789908328898,api,0
1789908328898,sealer,7
1789908328898,bench,0
1789908328898,db,360
1789908328898,machine,379
1789908330053,api,0
1789908330053,sealer,0
1789908330053,bench,0
1789908330053,db,469
1789908330053,machine,472
1789908331156,api,0
1789908331156,sealer,0
1789908331156,bench,0
1789908331156,db,398
1789908331156,machine,407
1789908332302,api,0
1789908332302,sealer,22
1789908332302,bench,0
1789908332302,db,218
1789908332302,machine,297
1789908333409,api,0
1789908333409,sealer,9
1789908333409,bench,0
1789908333409,db,531
1789908333409,machine,557
1789908334691,api,0
1789908334691,sealer,0
1789908334691,bench,0
1789908334691,db,274
1789908334691,machine,285
1789908335864,api,0
1789908335864,sealer,23
1789908335864,bench,0
1789908335864,db,290
1789908335864,machine,329
1789908337089,api,0
1789908337089,sealer,0
1789908337089,bench,0
1789908337089,db,530
1789908337089,machine,546
1789908338375,api,0
1789908338375,sealer,11
1789908338375,bench,0
1789908338375,db,249
1789908338375,machine,312
1789908339530,api,0
1789908339530,sealer,0
1789908339530,bench,0
1789908339530,db,451
1789908339530,machine,463
1789908340703,api,0
1789908340703,sealer,23
1789908340703,bench,0
1789908340703,db,323
1789908340703,machine,364
1789908341934,api,0
1789908341934,sealer,6
1789908341934,bench,0
1789908341934,db,121
1789908341934,machine,139
1789908343105,api,0
1789908343105,sealer,0
1789908343105,bench,0
1789908343105,db,556
1789908343105,machine,578
1789908344236,api,0
1789908344236,sealer,0
1789908344236,bench,0
1789908344236,db,508
1789908344236,machine,563
1789908345401,api,0
1789908345401,sealer,23
1789908345401,bench,0
1789908345401,db,258
1789908345401,machine,293
1789908346517,api,0
1789908346517,sealer,7
1789908346517,bench,0
1789908346517,db,474
1789908346517,machine,493
1789908347689,api,0
1789908347689,sealer,2
1789908347689,bench,0
1789908347689,db,364
1789908347689,machine,372
1789908348840,api,0
1789908348840,sealer,2
1789908348840,bench,0
1789908348840,db,409
1789908348840,machine,450
1789908350104,api,0
1789908350104,sealer,7
1789908350104,bench,0
1789908350104,db,395
1789908350104,machine,432
1789908351222,api,0
1789908351222,sealer,0
1789908351222,bench,0
1789908351222,db,345
1789908351222,machine,354
1789908352363,api,0
1789908352363,sealer,0
1789908352363,bench,0
1789908352363,db,523
1789908352363,machine,533
1789908353477,api,0
1789908353477,sealer,23
1789908353477,bench,0
1789908353477,db,359
1789908353477,machine,395
1789908354631,api,0
1789908354631,sealer,11
1789908354631,bench,0
1789908354631,db,227
1789908354631,machine,266
1789908355746,api,0
1789908355746,sealer,0
1789908355746,bench,0
1789908355746,db,473
1789908355746,machine,532
1789908356903,api,0
1789908356903,sealer,0
1789908356903,bench,0
1789908356903,db,521
1789908356903,machine,529
1789908358129,api,0
1789908358129,sealer,0
1789908358129,bench,0
1789908358129,db,647
1789908358129,machine,623
1789908360157,api,0
1789908360157,sealer,0
1789908360157,bench,0
1789908360157,db,463
1789908360157,machine,474
1789908361965,api,0
1789908361965,sealer,0
1789908361965,bench,0
1789908361965,db,219
1789908361965,machine,278
1789908363103,api,0
1789908363103,sealer,25
1789908363103,bench,0
1789908363103,db,294
1789908363103,machine,330
1789908364217,api,0
1789908364217,sealer,0
1789908364217,bench,0
1789908364217,db,249
1789908364217,machine,258
1789908365348,api,0
1789908365348,sealer,9
1789908365348,bench,0
1789908365348,db,425
1789908365348,machine,450
1789908366586,api,0
1789908366586,sealer,0
1789908366586,bench,0
1789908366586,db,359
1789908366586,machine,361
1789908367790,api,0
1789908367790,sealer,0
1789908367790,bench,0
1789908367790,db,406
1789908367790,machine,455
1789908368956,api,0
1789908368956,sealer,0
1789908368956,bench,0
1789908368956,db,513
1789908368956,machine,603
1789908370289,api,0
1789908370289,sealer,0
1789908370289,bench,0
1789908370289,db,210
1789908370289,machine,217
1789908371398,api,0
1789908371398,sealer,29
1789908371398,bench,0
1789908371398,db,119
1789908371398,machine,164
1789908372559,api,0
1789908372559,sealer,0
1789908372559,bench,0
1789908372559,db,258
1789908372559,machine,238
1789908373816,api,0
1789908373816,sealer,10
1789908373816,bench,0
1789908373816,db,443
1789908373816,machine,458
1789908375689,api,0
1789908375689,sealer,0
1789908375689,bench,0
1789908375689,db,227
1789908375689,machine,263
1789908376998,api,0
1789908376998,sealer,0
1789908376998,bench,0
1789908376998,db,374
1789908376998,machine,371
1789908378187,api,0
1789908378187,sealer,0
1789908378187,bench,0
1789908378187,db,460
1789908378187,machine,464
1789908379419,api,0
1789908379419,sealer,0
1789908379419,bench,0
1789908379419,db,568
1789908379419,machine,564
1789908380940,api,0
1789908380940,sealer,0
1789908380940,bench,0
1789908380940,db,105
1789908380940,machine,159
1789908382490,api,0
1789908382490,sealer,7
1789908382490,bench,0
1789908382490,db,181
1789908382490,machine,250
1789908383872,api,0
1789908383872,sealer,0
1789908383872,bench,0
1789908383872,db,382
1789908383872,machine,350
1789908385425,api,0
1789908385425,sealer,0
1789908385425,bench,0
1789908385425,db,398
1789908385425,machine,410
1789908386653,api,0
1789908386653,sealer,0
1789908386653,bench,0
1789908386653,db,453
1789908386653,machine,478
1789908388253,api,0
1789908388253,sealer,0
1789908388253,bench,0
1789908388253,db,354
1789908388253,machine,385
1789908390093,api,0
1789908390093,sealer,0
1789908390093,bench,0
1789908390093,db,275
1789908390093,machine,262
1789908392329,api,0
1789908392329,sealer,0
1789908392329,bench,0
1789908392329,db,58
1789908392329,machine,64
1789908393549,api,0
1789908393549,sealer,0
1789908393549,bench,0
1789908393549,db,130
1789908393549,machine,142
1789908394702,api,0
1789908394702,sealer,0
1789908394702,bench,0
1789908394702,db,233
1789908394702,machine,248
1789908395843,api,0
1789908395843,sealer,29
1789908395843,bench,0
1789908395843,db,274
1789908395843,machine,374
1789908396975,api,0
1789908396975,sealer,0
1789908396975,bench,0
1789908396975,db,145
1789908396975,machine,158
1789908398119,api,0
1789908398119,sealer,9
1789908398119,bench,0
1789908398119,db,96
1789908398119,machine,121
1789908399309,api,0
1789908399309,sealer,6
1789908399309,bench,0
1789908399309,db,94
1789908399309,machine,111
1789908400454,api,0
1789908400454,sealer,0
1789908400454,bench,0
1789908400454,db,131
1789908400454,machine,184
1789908401927,api,0
1789908401927,sealer,21
1789908401927,bench,0
1789908401927,db,346
1789908401927,machine,443
1789908404034,api,0
1789908404034,sealer,6
1789908404034,bench,0
1789908404034,db,58
1789908404034,machine,73
1789908405225,api,0
1789908405225,sealer,0
1789908405225,bench,0
1789908405225,db,95
1789908405225,machine,104
1789908406345,api,0
1789908406345,sealer,22
1789908406345,bench,0
1789908406345,db,82
1789908406345,machine,114
1789908407477,api,0
1789908407477,sealer,6
1789908407477,bench,0
1789908407477,db,123
1789908407477,machine,186
1789908408625,api,0
1789908408625,sealer,0
1789908408625,bench,0
1789908408625,db,266
1789908408625,machine,290
1789908409885,api,0
1789908409885,sealer,20
1789908409885,bench,0
1789908409885,db,82
1789908409885,machine,113
1789908411046,api,0
1789908411046,sealer,7
1789908411046,bench,0
1789908411046,db,100
1789908411046,machine,123
1789908412246,api,0
1789908412246,sealer,0
1789908412246,bench,0
1789908412246,db,97
1789908412246,machine,123
1789908413378,api,0
1789908413378,sealer,22
1789908413378,bench,0
1789908413378,db,94
1789908413378,machine,157
1789908414528,api,0
1789908414528,sealer,6
1789908414528,bench,0
1789908414528,db,342
1789908414528,machine,377
1789908416632,api,0
1789908416632,sealer,0
1789908416632,bench,0
1789908416632,db,69
1789908416632,machine,74
1789908417772,api,0
1789908417772,sealer,0
1789908417772,bench,0
1789908417772,db,97
1789908417772,machine,124
1789908418866,api,0
1789908418866,sealer,22
1789908418866,bench,0
1789908418866,db,90
1789908418866,machine,148
1789908420011,api,0
1789908420011,sealer,13
1789908420011,bench,0
1789908420011,db,95
1789908420011,machine,126
1789908421145,api,0
1789908421145,sealer,0
1789908421145,bench,0
1789908421145,db,216
1789908421145,machine,234
1789908422278,api,0
1789908422278,sealer,0
1789908422278,bench,0
1789908422278,db,179
1789908422278,machine,190
1789908423402,api,0
1789908423402,sealer,8
1789908423402,bench,0
1789908423402,db,96
1789908423402,machine,145
1789908424555,api,0
1789908424555,sealer,0
1789908424555,bench,0
1789908424555,db,104
1789908424555,machine,123
1789908425707,api,0
1789908425707,sealer,22
1789908425707,bench,0
1789908425707,db,77
1789908425707,machine,111
1789908426828,api,0
1789908426828,sealer,10
1789908426828,bench,0
1789908426828,db,192
1789908426828,machine,228
1789908428145,api,0
1789908428145,sealer,0
1789908428145,bench,0
1789908428145,db,189
1789908428145,machine,209
1789908429500,api,0
1789908429500,sealer,21
1789908429500,bench,0
1789908429500,db,73
1789908429500,machine,144
1789908430658,api,0
1789908430658,sealer,6
1789908430658,bench,0
1789908430658,db,94
1789908430658,machine,109
1789908431799,api,0
1789908431799,sealer,0
1789908431799,bench,0
1789908431799,db,120
1789908431799,machine,131
1789908432916,api,0
1789908432916,sealer,22
1789908432916,bench,0
1789908432916,db,159
1789908432916,machine,196
1789908434062,api,0
1789908434062,sealer,6
1789908434062,bench,0
1789908434062,db,209
1789908434062,machine,238
1789908435291,api,0
1789908435291,sealer,0
1789908435291,bench,0
1789908435291,db,105
1789908435291,machine,145
1789908436428,api,0
1789908436428,sealer,21
1789908436428,bench,0
1789908436428,db,83
1789908436428,machine,115
1789908437566,api,0
1789908437566,sealer,7
1789908437566,bench,0
1789908437566,db,98
1789908437566,machine,117
1789908438725,api,0
1789908438725,sealer,0
1789908438725,bench,0
1789908438725,db,147
1789908438725,machine,159
1789908439838,api,0
1789908439838,sealer,24
1789908439838,bench,0
1789908439838,db,175
1789908439838,machine,239
1789908440996,api,0
1789908440996,sealer,11
1789908440996,bench,0
1789908440996,db,163
1789908440996,machine,202
1789908442114,api,0
1789908442114,sealer,0
1789908442114,bench,0
1789908442114,db,102
1789908442114,machine,110
1789908443227,api,0
1789908443227,sealer,7
1789908443227,bench,0
1789908443227,db,92
1789908443227,machine,109
1789908444319,api,0
1789908444319,sealer,0
1789908444319,bench,0
1789908444319,db,130
1789908444319,machine,141
1789908445489,api,0
1789908445489,sealer,19
1789908445489,bench,0
1789908445489,db,148
1789908445489,machine,220
1789908446634,api,0
1789908446634,sealer,9
1789908446634,bench,0
1789908446634,db,178
1789908446634,machine,204
1789908447826,api,0
1789908447826,sealer,0
1789908447826,bench,0
1789908447826,db,98
1789908447826,machine,106
1789908448958,api,0
1789908448958,sealer,22
1789908448958,bench,0
1789908448958,db,81
1789908448958,machine,114
1789908450106,api,0
1789908450106,sealer,6
1789908450106,bench,0
1789908450106,db,91
1789908450106,machine,110
1789908451228,api,0
1789908451228,sealer,5
1789908451228,bench,0
1789908451228,db,193
1789908451228,machine,249
1789908452330,api,0
1789908452330,sealer,0
1789908452330,bench,0
1789908452330,db,410
1789908452330,machine,426
1789908453483,api,0
1789908453483,sealer,18
1789908453483,bench,0
1789908453483,db,239
1789908453483,machine,262
1789908454586,api,0
1789908454586,sealer,5
1789908454586,bench,0
1789908454586,db,373
1789908454586,machine,388
1789908455695,api,0
1789908455695,sealer,9
1789908455695,bench,0
1789908455695,db,383
1789908455695,machine,397
1789908456815,api,0
1789908456815,sealer,0
1789908456815,bench,0
1789908456815,db,325
1789908456815,machine,395
1789908457961,api,0
1789908457961,sealer,0
1789908457961,bench,0
1789908457961,db,333
1789908457961,machine,338
1789908459077,api,0
1789908459077,sealer,25
1789908459077,bench,0
1789908459077,db,394
1789908459077,machine,432
1789908460269,api,0
1789908460269,sealer,6
1789908460269,bench,0
1789908460269,db,340
1789908460269,machine,357
1789908461445,api,0
1789908461445,sealer,0
1789908461445,bench,0
1789908461445,db,250
1789908461445,machine,258
1789908462564,api,0
1789908462564,sealer,25
1789908462564,bench,0
1789908462564,db,277
1789908462564,machine,349
1789908463738,api,0
1789908463738,sealer,9
1789908463738,bench,0
1789908463738,db,512
1789908463738,machine,532
1789908464859,api,0
1789908464859,sealer,0
1789908464859,bench,0
1789908464859,db,378
1789908464859,machine,385
1789908465954,api,0
1789908465954,sealer,0
1789908465954,bench,0
1789908465954,db,454
1789908465954,machine,465
1789908467082,api,0
1789908467082,sealer,8
1789908467082,bench,0
1789908467082,db,414
1789908467082,machine,428
1789908468220,api,0
1789908468220,sealer,0
1789908468220,bench,0
1789908468220,db,361
1789908468220,machine,419
1789908469484,api,0
1789908469484,sealer,17
1789908469484,bench,0
1789908469484,db,251
1789908469484,machine,276
1789908470656,api,0
1789908470656,sealer,0
1789908470656,bench,0
1789908470656,db,563
1789908470656,machine,571
1789908471886,api,0
1789908471886,sealer,8
1789908471886,bench,0
1789908471886,db,450
1789908471886,machine,465
1789908472999,api,0
1789908472999,sealer,0
1789908472999,bench,0
1789908472999,db,231
1789908472999,machine,251
1789908474126,api,0
1789908474126,sealer,17
1789908474126,bench,0
1789908474126,db,291
1789908474126,machine,351
1789908475251,api,0
1789908475251,sealer,6
1789908475251,bench,0
1789908475251,db,258
1789908475251,machine,270
1789908476362,api,0
1789908476362,sealer,9
1789908476362,bench,0
1789908476362,db,369
1789908476362,machine,388
1789908477502,api,0
1789908477502,sealer,0
1789908477502,bench,0
1789908477502,db,524
1789908477502,machine,533
1789908478643,api,0
1789908478643,sealer,0
1789908478643,bench,0
1789908478643,db,606
1789908478643,machine,611
1789908479838,api,0
1789908479838,sealer,27
1789908479838,bench,0
1789908479838,db,174
1789908479838,machine,253
1789908480951,api,0
1789908480951,sealer,6
1789908480951,bench,0
1789908480951,db,102
1789908480951,machine,119
1789908482101,api,0
1789908482101,sealer,0
1789908482101,bench,0
1789908482101,db,99
1789908482101,machine,110
1789908483204,api,1
1789908483204,sealer,22
1789908483204,bench,0
1789908483204,db,187
1789908483204,machine,223
1789908484357,api,0
1789908484357,sealer,9
1789908484357,bench,0
1789908484357,db,111
1789908484357,machine,137
1789908485499,api,0
1789908485499,sealer,0
1789908485499,bench,0
1789908485499,db,274
1789908485499,machine,320
1789908486677,api,0
1789908486677,sealer,12
1789908486677,bench,0
1789908486677,db,205
1789908486677,machine,228
1789908487833,api,0
1789908487833,sealer,0
1789908487833,bench,0
1789908487833,db,112
1789908487833,machine,123
1789908489063,api,0
1789908489063,sealer,21
1789908489063,bench,0
1789908489063,db,208
1789908489063,machine,243
1789908490226,api,0
1789908490226,sealer,11
1789908490226,bench,0
1789908490226,db,311
1789908490226,machine,374
1789908491383,api,0
1789908491383,sealer,0
1789908491383,bench,0
1789908491383,db,485
1789908491383,machine,506
1789908492512,api,0
1789908492512,sealer,0
1789908492512,bench,0
1789908492512,db,449
1789908492512,machine,457
1789908493631,api,0
1789908493631,sealer,25
1789908493631,bench,0
1789908493631,db,253
1789908493631,machine,285
1789908494768,api,0
1789908494768,sealer,8
1789908494768,bench,0
1789908494768,db,275
1789908494768,machine,296
1789908496117,api,0
1789908496117,sealer,0
1789908496117,bench,0
1789908496117,db,406
1789908496117,machine,450
1789908497312,api,0
1789908497312,sealer,0
1789908497312,bench,0
1789908497312,db,383
1789908497312,machine,410
1789908498449,api,0
1789908498449,sealer,0
1789908498449,bench,0
1789908498449,db,447
1789908498449,machine,450
1789908499566,api,0
1789908499566,sealer,26
1789908499566,bench,0
1789908499566,db,278
1789908499566,machine,322
1789908500882,api,0
1789908500882,sealer,0
1789908500882,bench,0
1789908500882,db,252
1789908500882,machine,252
1789908502082,api,0
1789908502082,sealer,9
1789908502082,bench,0
1789908502082,db,184
1789908502082,machine,244
1789908503183,api,0
1789908503183,sealer,0
1789908503183,bench,0
1789908503183,db,454
1789908503183,machine,465
1789908504313,api,0
1789908504313,sealer,0
1789908504313,bench,0
1789908504313,db,368
1789908504313,machine,375
1789908505483,api,0
1789908505483,sealer,0
1789908505483,bench,0
1789908505483,db,335
1789908505483,machine,337
1789908506629,api,0
1789908506629,sealer,0
1789908506629,bench,0
1789908506629,db,179
1789908506629,machine,190
1789908507738,api,0
1789908507738,sealer,22
1789908507738,bench,0
1789908507738,db,369
1789908507738,machine,455
1789908508957,api,0
1789908508957,sealer,0
1789908508957,bench,0
1789908508957,db,267
1789908508957,machine,283
1789908510145,api,0
1789908510145,sealer,12
1789908510145,bench,0
1789908510145,db,244
1789908510145,machine,268
1789908511312,api,0
1789908511312,sealer,0
1789908511312,bench,0
1789908511312,db,117
1789908511312,machine,127
1789908512464,api,0
1789908512464,sealer,8
1789908512464,bench,0
1789908512464,db,237
1789908512464,machine,260
1789908513640,api,0
1789908513640,sealer,0
1789908513640,bench,0
1789908513640,db,234
1789908513640,machine,301
1789908514805,api,0
1789908514805,sealer,0
1789908514805,bench,0
1789908514805,db,390
1789908514805,machine,401
1789908515947,api,0
1789908515947,sealer,19
1789908515947,bench,0
1789908515947,db,392
1789908515947,machine,422
1789908517118,api,0
1789908517118,sealer,9
1789908517118,bench,0
1789908517118,db,239
1789908517118,machine,258
1789908518221,api,0
1789908518221,sealer,0
1789908518221,bench,0
1789908518221,db,266
1789908518221,machine,280
1789908519433,api,0
1789908519433,sealer,17
1789908519433,bench,0
1789908519433,db,114
1789908519433,machine,176
1789908520552,api,0
1789908520552,sealer,0
1789908520552,bench,0
1789908520552,db,133
1789908520552,machine,144
1789908521715,api,0
1789908521715,sealer,7
1789908521715,bench,0
1789908521715,db,97
1789908521715,machine,116
1789908522895,api,0
1789908522895,sealer,8
1789908522895,bench,0
1789908522895,db,202
1789908522895,machine,234
1789908524105,api,0
1789908524105,sealer,13
1789908524105,bench,0
1789908524105,db,132
1789908524105,machine,167
1789908525313,api,0
1789908525313,sealer,9
1789908525313,bench,0
1789908525313,db,137
1789908525313,machine,204
1789908526501,api,0
1789908526501,sealer,17
1789908526501,bench,0
1789908526501,db,260
1789908526501,machine,289
1789908527645,api,0
1789908527645,sealer,6
1789908527645,bench,0
1789908527645,db,303
1789908527645,machine,318
1789908528851,api,0
1789908528851,sealer,9
1789908528851,bench,0
1789908528851,db,410
1789908528851,machine,429
1789908529950,api,0
1789908529950,sealer,0
1789908529950,bench,0
1789908529950,db,650
1789908529950,machine,647
1789908531878,api,0
1789908531878,sealer,13
1789908531878,bench,0
1789908531878,db,219
1789908531878,machine,251
1789908533012,api,0
1789908533012,sealer,0
1789908533012,bench,0
1789908533012,db,310
1789908533012,machine,317
1789908534149,api,0
1789908534149,sealer,6
1789908534149,bench,0
1789908534149,db,358
1789908534149,machine,373
1789908535237,api,0
1789908535237,sealer,0
1789908535237,bench,0
1789908535237,db,568
1789908535237,machine,580
1789908536401,api,0
1789908536401,sealer,9
1789908536401,bench,0
1789908536401,db,279
1789908536401,machine,321
1789908537544,api,0
1789908537544,sealer,0
1789908537544,bench,0
1789908537544,db,545
1789908537544,machine,579
1789908538708,api,0
1789908538708,sealer,0
1789908538708,bench,0
1789908538708,db,480
1789908538708,machine,483
1789908540002,api,0
1789908540002,sealer,0
1789908540002,bench,0
1789908540002,db,275
1789908540002,machine,283
1789908541177,api,0
1789908541177,sealer,19
1789908541177,bench,0
1789908541177,db,354
1789908541177,machine,388
1789908542307,api,0
1789908542307,sealer,0
1789908542307,bench,0
1789908542307,db,215
1789908542307,machine,257
1789908543425,api,0
1789908543425,sealer,9
1789908543425,bench,0
1789908543425,db,388
1789908543425,machine,426
1789908544530,api,0
1789908544530,sealer,0
1789908544530,bench,0
1789908544530,db,340
1789908544530,machine,350
1789908545649,api,0
1789908545649,sealer,18
1789908545649,bench,0
1789908545649,db,386
1789908545649,machine,420
1789908546791,api,0
1789908546791,sealer,2
1789908546791,bench,0
1789908546791,db,374
1789908546791,machine,388
1789908547924,api,0
1789908547924,sealer,7
1789908547924,bench,0
1789908547924,db,523
1789908547924,machine,565
1789908549050,api,0
1789908549050,sealer,0
1789908549050,bench,0
1789908549050,db,416
1789908549050,machine,452
1789908550231,api,0
1789908550231,sealer,22
1789908550231,bench,0
1789908550231,db,355
1789908550231,machine,398
1789908551660,api,0
1789908551660,sealer,0
1789908551660,bench,0
1789908551660,db,391
1789908551660,machine,396
1789908552842,api,0
1789908552842,sealer,7
1789908552842,bench,0
1789908552842,db,297
1789908552842,machine,311
1789908553996,api,0
1789908553996,sealer,0
1789908553996,bench,0
1789908553996,db,533
1789908553996,machine,585
1789908555127,api,0
1789908555127,sealer,21
1789908555127,bench,0
1789908555127,db,201
1789908555127,machine,232
1789908556295,api,0
1789908556295,sealer,7
1789908556295,bench,0
1789908556295,db,311
1789908556295,machine,330
1789908557458,api,0
1789908557458,sealer,0
1789908557458,bench,0
1789908557458,db,392
1789908557458,machine,405
1789908558588,api,0
1789908558588,sealer,0
1789908558588,bench,0
1789908558588,db,483
1789908558588,machine,492
1789908559768,api,0
1789908559768,sealer,6
1789908559768,bench,0
1789908559768,db,323
1789908559768,machine,388
1789908560918,api,0
1789908560918,sealer,0
1789908560918,bench,0
1789908560918,db,325
1789908560918,machine,336
1789908562075,api,0
1789908562075,sealer,9
1789908562075,bench,0
1789908562075,db,349
1789908562075,machine,377
1789908563252,api,0
1789908563252,sealer,10
1789908563252,bench,0
1789908563252,db,304
1789908563252,machine,318
1789908564413,api,0
1789908564413,sealer,6
1789908564413,bench,0
1789908564413,db,557
1789908564413,machine,580
1789908565733,api,0
1789908565733,sealer,0
1789908565733,bench,0
1789908565733,db,400
1789908565733,machine,453
1789908566973,api,0
1789908566973,sealer,19
1789908566973,bench,0
1789908566973,db,391
1789908566973,machine,422
1789908568103,api,0
1789908568103,sealer,1
1789908568103,bench,0
1789908568103,db,216
1789908568103,machine,230
1789908569283,api,0
1789908569283,sealer,5
1789908569283,bench,0
1789908569283,db,340
1789908569283,machine,361
1789908570692,api,0
1789908570692,sealer,6
1789908570692,bench,0
1789908570692,db,338
1789908570692,machine,394
1789908571946,api,0
1789908571946,sealer,37
1789908571946,bench,0
1789908571946,db,542
1789908571946,machine,611
1789908573260,api,0
1789908573260,sealer,9
1789908573260,bench,0
1789908573260,db,383
1789908573260,machine,400
1789908574414,api,0
1789908574414,sealer,0
1789908574414,bench,0
1789908574414,db,443
1789908574414,machine,453
1789908575563,api,0
1789908575563,sealer,19
1789908575563,bench,0
1789908575563,db,353
1789908575563,machine,402
1789908576991,api,0
1789908576991,sealer,8
1789908576991,bench,0
1789908576991,db,294
1789908576991,machine,353
1789908578292,api,0
1789908578292,sealer,0
1789908578292,bench,0
1789908578292,db,522
1789908578292,machine,533
1789908579465,api,0
1789908579465,sealer,0
1789908579465,bench,0
1789908579465,db,583
1789908579465,machine,595
1789908580602,api,0
1789908580602,sealer,8
1789908580602,bench,0
1789908580602,db,270
1789908580602,machine,284
1789908581729,api,0
1789908581729,sealer,0
1789908581729,bench,0
1789908581729,db,430
1789908581729,machine,445
1789908582909,api,0
1789908582909,sealer,0
1789908582909,bench,0
1789908582909,db,500
1789908582909,machine,564
1789908584117,api,0
1789908584117,sealer,22
1789908584117,bench,0
1789908584117,db,254
1789908584117,machine,283
1789908585255,api,0
1789908585255,sealer,0
1789908585255,bench,0
1789908585255,db,519
1789908585255,machine,527
1789908586442,api,0
1789908586442,sealer,11
1789908586442,bench,0
1789908586442,db,519
1789908586442,machine,540
1789908587600,api,0
1789908587600,sealer,0
1789908587600,bench,0
1789908587600,db,324
1789908587600,machine,334
1789908588704,api,0
1789908588704,sealer,10
1789908588704,bench,0
1789908588704,db,291
1789908588704,machine,352
1789908589870,api,0
1789908589870,sealer,12
1789908589870,bench,0
1789908589870,db,289
1789908589870,machine,319
1789908591103,api,0
1789908591103,sealer,11
1789908591103,bench,0
1789908591103,db,622
1789908591103,machine,650
1789908592584,api,0
1789908592584,sealer,0
1789908592584,bench,0
1789908592584,db,426
1789908592584,machine,435
1789908593753,api,0
1789908593753,sealer,23
1789908593753,bench,0
1789908593753,db,260
1789908593753,machine,334
1789908594868,api,0
1789908594868,sealer,10
1789908594868,bench,0
1789908594868,db,306
1789908594868,machine,351
1789908596222,api,0
1789908596222,sealer,0
1789908596222,bench,0
1789908596222,db,497
1789908596222,machine,519
1789908597619,api,0
1789908597619,sealer,0
1789908597619,bench,0
1789908597619,db,315
1789908597619,machine,322
1789908598824,api,0
1789908598824,sealer,21
1789908598824,bench,0
1789908598824,db,485
1789908598824,machine,533
1789908599984,api,0
1789908599984,sealer,9
1789908599984,bench,0
1789908599984,db,406
1789908599984,machine,463
1789908601118,api,0
1789908601118,sealer,0
1789908601118,bench,0
1789908601118,db,292
1789908601118,machine,304
1789908602263,api,0
1789908602263,sealer,6
1789908602263,bench,0
1789908602263,db,351
1789908602263,machine,365
1789908603384,api,0
1789908603384,sealer,0
1789908603384,bench,0
1789908603384,db,272
1789908603384,machine,280
1789908604537,api,0
1789908604537,sealer,0
1789908604537,bench,0
1789908604537,db,528
1789908604537,machine,548
1789908605672,api,0
1789908605672,sealer,24
1789908605672,bench,0
1789908605672,db,481
1789908605672,machine,555
1789908606884,api,0
1789908606884,sealer,7
1789908606884,bench,0
1789908606884,db,405
1789908606884,machine,428
1789908608043,api,0
1789908608043,sealer,0
1789908608043,bench,0
1789908608043,db,413
1789908608043,machine,420
1789908609188,api,0
1789908609188,sealer,0
1789908609188,bench,0
1789908609188,db,391
1789908609188,machine,400
1789908610317,api,0
1789908610317,sealer,22
1789908610317,bench,0
1789908610317,db,240
1789908610317,machine,302
1789908611431,api,0
1789908611431,sealer,8
1789908611431,bench,0
1789908611431,db,464
1789908611431,machine,495
1789908612597,api,0
1789908612597,sealer,0
1789908612597,bench,0
1789908612597,db,529
1789908612597,machine,538
1789908613799,api,0
1789908613799,sealer,0
1789908613799,bench,0
1789908613799,db,557
1789908613799,machine,565
1789908614916,api,0
1789908614916,sealer,22
1789908614916,bench,0
1789908614916,db,218
1789908614916,machine,252
1789908616036,api,0
1789908616036,sealer,8
1789908616036,bench,0
1789908616036,db,233
1789908616036,machine,292
1789908617153,api,0
1789908617153,sealer,0
1789908617153,bench,0
1789908617153,db,287
1789908617153,machine,299
1789908618364,api,0
1789908618364,sealer,5
1789908618364,bench,0
1789908618364,db,420
1789908618364,machine,439
1789908619498,api,0
1789908619498,sealer,16
1789908619498,bench,0
1789908619498,db,475
1789908619498,machine,502
1789908620641,api,0
1789908620641,sealer,10
1789908620641,bench,0
1789908620641,db,326
1789908620641,machine,350
1789908621767,api,0
1789908621767,sealer,0
1789908621767,bench,0
1789908621767,db,352
1789908621767,machine,405
1789908622881,api,0
1789908622881,sealer,12
1789908622881,bench,0
1789908622881,db,219
1789908622881,machine,238
1789908623969,api,0
1789908623969,sealer,0
1789908623969,bench,0
1789908623969,db,452
1789908623969,machine,462
1789908625092,api,0
1789908625092,sealer,0
1789908625092,bench,0
1789908625092,db,477
1789908625092,machine,490
1789908626315,api,0
1789908626315,sealer,35
1789908626315,bench,0
1789908626315,db,468
1789908626315,machine,509
1789908627451,api,0
1789908627451,sealer,0
1789908627451,bench,0
1789908627451,db,459
1789908627451,machine,528
1789908628563,api,0
1789908628563,sealer,12
1789908628563,bench,0
1789908628563,db,127
1789908628563,machine,153
1789908629688,api,0
1789908629688,sealer,0
1789908629688,bench,0
1789908629688,db,365
1789908629688,machine,379
1789908630861,api,0
1789908630861,sealer,0
1789908630861,bench,0
1789908630861,db,478
1789908630861,machine,485
1789908631989,api,0
1789908631989,sealer,18
1789908631989,bench,0
1789908631989,db,332
1789908631989,machine,362
1789908633191,api,1
1789908633191,sealer,0
1789908633191,bench,0
1789908633191,db,205
1789908633191,machine,494
1789908634681,api,0
1789908634681,sealer,8
1789908634681,bench,0
1789908634681,db,281
1789908634681,machine,448
